"personid","urlhost","count_sessionID"
"15783387","www.sears.com","1"
"15783387","www.walmart.com","1"
"47036496","www.walmart.com","1"
"66025523","www.target.com","1"
"78157492","www.walmart.com","1"
"82574713","www.walmart.com","1"
"87713060","www.target.com","1"
"87713060","www.walmart.com","1"
"89511167","www.sears.com","1"
"92528163","www.walmart.com","1"
"93421372","www.target.com","1"
"100358691","www.walmart.com","1"
"102064493","www.sears.com","1"
"103073488","www.target.com","1"
"103233278","www.target.com","2"
"103233278","www.walmart.com","1"
"103371506","www.walmart.com","1"
"104575213","www.walmart.com","1"
"105424534","www.walmart.com","1"
"105646594","www.target.com","1"
"108780113","www.sears.com","1"
"110105470","www.walmart.com","1"
"110675738","www.target.com","1"
"111897945","www.sears.com","1"
"113146408","www.target.com","1"
"113296926","www.walmart.com","1"
"113368878","www.walmart.com","1"
"113618193","www.target.com","1"
"113618193","www.walmart.com","1"
"113785548","www.walmart.com","1"
"114388494","www.target.com","1"
"114769001","www.walmart.com","3"
"114847895","www.walmart.com","1"
"114858162","www.target.com","1"
"114864793","www.target.com","1"
"114907133","www.walmart.com","1"
"115021929","www.sears.com","2"
"115223777","www.walmart.com","1"
"115224996","www.walmart.com","1"
"115499100","www.target.com","1"
"115625016","www.target.com","1"
"115763338","www.walmart.com","1"
"115763941","www.walmart.com","1"
"116175839","www.walmart.com","1"
"116419868","www.sears.com","1"
"116433046","www.target.com","1"
"116473200","www.sears.com","1"
"116570648","www.target.com","1"
"116888690","www.walmart.com","1"
"116984318","www.walmart.com","2"
"117080010","www.target.com","1"
"117145922","www.walmart.com","1"
"117196221","www.walmart.com","1"
"117326167","www.walmart.com","1"
"117659003","www.walmart.com","1"
"117820131","www.walmart.com","1"
"117826881","www.walmart.com","1"
"117889081","www.sears.com","1"
"118046489","www.walmart.com","1"
"118055470","www.walmart.com","1"
"118056319","www.walmart.com","1"
"118130562","www.walmart.com","1"
"118136748","www.target.com","1"
"118136748","www.walmart.com","1"
"118199695","www.target.com","1"
"118408060","www.walmart.com","1"
"118544189","www.walmart.com","1"
"118553229","www.walmart.com","6"
"118645862","www.walmart.com","1"
"118696880","www.walmart.com","3"
"118870114","www.walmart.com","1"
"118897082","www.walmart.com","1"
"118918617","www.walmart.com","1"
"119251309","www.walmart.com","1"
"119270444","www.walmart.com","1"
"119371042","www.target.com","2"
"119618689","www.walmart.com","1"
"119621267","www.sears.com","1"
"119621267","www.walmart.com","1"
"119670744","www.walmart.com","2"
"119676228","www.target.com","1"
"119676228","www.walmart.com","2"
"119780600","www.target.com","1"
"119827408","www.target.com","1"
"119972261","www.walmart.com","1"
"119972887","www.walmart.com","1"
"120010759","www.target.com","1"
"120010759","www.walmart.com","2"
"120022377","www.sears.com","1"
"120022377","www.walmart.com","1"
"120064856","www.target.com","2"
"120156529","www.walmart.com","1"
"120376303","www.sears.com","1"
"120383415","www.target.com","1"
"120465569","www.sears.com","1"
"120532849","www.walmart.com","3"
"120599164","www.target.com","1"
"120742017","www.target.com","2"
"120742466","www.walmart.com","1"
"120890622","www.walmart.com","1"
"121220465","www.sears.com","1"
"121231053","www.walmart.com","1"
"121266182","www.walmart.com","2"
"121360177","www.target.com","1"
"121525747","www.sears.com","2"
"121525747","www.target.com","1"
"121525747","www.walmart.com","5"
"121703259","www.target.com","1"
"121703259","www.walmart.com","1"
"121729454","www.walmart.com","1"
"121730521","www.sears.com","2"
"121847540","www.sears.com","1"
"121850617","www.walmart.com","2"
"121852993","www.walmart.com","1"
"121859271","www.walmart.com","1"
"121862184","www.walmart.com","3"
"121871472","www.walmart.com","1"
"121878954","www.walmart.com","2"
"121927646","www.target.com","1"
"121933466","www.walmart.com","1"
"121970134","www.walmart.com","1"
"121985700","www.walmart.com","1"
"121986237","www.walmart.com","4"
"122034516","www.walmart.com","1"
"122087938","www.target.com","2"
"122087938","www.walmart.com","1"
"122102109","www.walmart.com","1"
"122150730","www.target.com","1"
"122155782","www.walmart.com","1"
"122242839","www.walmart.com","1"
"122249607","www.walmart.com","1"
"122249972","www.target.com","1"
"122256187","www.sears.com","1"
"122258923","www.walmart.com","1"
"122278840","www.target.com","1"
"122284411","www.target.com","1"
"122284411","www.walmart.com","1"
"122286262","www.target.com","1"
"122293195","www.walmart.com","1"
"122296640","www.target.com","1"
"122299681","www.walmart.com","2"
"122300858","www.target.com","1"
"122446034","www.target.com","2"
"122446034","www.walmart.com","1"
"122455961","www.target.com","5"
"122458752","www.walmart.com","1"
"122477060","www.walmart.com","1"
"122515723","www.target.com","1"
"122517413","www.walmart.com","1"
"122525771","www.sears.com","1"
"122595351","www.target.com","2"
"122595351","www.walmart.com","2"
"122601771","www.walmart.com","2"
"122657414","www.target.com","1"
"122669877","www.target.com","2"
"122714281","www.target.com","1"
"122714281","www.walmart.com","1"
"122716268","www.walmart.com","1"
"122837586","www.walmart.com","1"
"122841971","www.walmart.com","1"
"122854239","www.target.com","1"
"122854519","www.target.com","1"
"122855699","www.walmart.com","1"
"122929855","www.sears.com","1"
"122929855","www.target.com","1"
"122931430","www.walmart.com","1"
"122934250","www.walmart.com","1"
"122942218","www.walmart.com","1"
"122952889","www.walmart.com","1"
"122996401","www.sears.com","1"
"122996504","www.walmart.com","1"
"122996546","www.target.com","1"
"122999684","www.target.com","1"
"123000197","www.walmart.com","1"
"123000850","www.target.com","1"
"123005731","www.target.com","1"
"123006753","www.target.com","1"
"123043751","www.target.com","1"
"123043751","www.walmart.com","1"
"123045417","www.walmart.com","1"
"123053846","www.walmart.com","1"
"123057046","www.walmart.com","1"
"123092459","www.walmart.com","1"
"123103529","www.target.com","1"
"123105590","www.sears.com","1"
"123105590","www.walmart.com","1"
"123190488","www.target.com","1"
"123202194","www.walmart.com","1"
"123207151","www.walmart.com","1"
"123209597","www.walmart.com","1"
"123213551","www.target.com","1"
"123213551","www.walmart.com","1"
"123216008","www.walmart.com","1"
"123218275","www.walmart.com","1"
"123307225","www.sears.com","1"
"123307225","www.target.com","2"
"123307225","www.walmart.com","3"
"123326070","www.walmart.com","1"
"123387485","www.target.com","1"
"123388052","www.walmart.com","1"
"123454105","www.walmart.com","1"
"123492502","www.sears.com","1"
"123500731","www.walmart.com","1"
"123606190","www.walmart.com","1"
"123661121","www.sears.com","2"
"123661147","www.walmart.com","1"
"123663456","www.sears.com","1"
"123666384","www.walmart.com","1"
"123671528","www.target.com","1"
"123673536","www.walmart.com","1"
"123674563","www.target.com","1"
"123680344","www.walmart.com","2"
"123722109","www.walmart.com","2"
"123724846","www.sears.com","1"
"123724846","www.walmart.com","2"
"123740862","www.walmart.com","2"
"123747673","www.walmart.com","1"
"123750330","www.target.com","1"
"123750330","www.walmart.com","1"
"123750677","www.sears.com","1"
"123787901","www.target.com","1"
"123804550","www.walmart.com","1"
"123844642","www.target.com","1"
"123851099","www.walmart.com","1"
"123856406","www.walmart.com","1"
"123859708","www.sears.com","2"
"123918649","www.walmart.com","1"
"124022563","www.walmart.com","1"
"124025429","www.target.com","1"
"124025429","www.walmart.com","1"
"124036202","www.target.com","1"
"124079681","www.walmart.com","1"
"124088422","www.target.com","1"
"124088422","www.walmart.com","1"
"124091052","www.target.com","2"
"124132445","www.walmart.com","1"
"124180669","www.target.com","1"
"124181493","www.target.com","1"
"124191845","www.walmart.com","1"
"124200714","www.target.com","1"
"124246624","www.target.com","1"
"124246624","www.walmart.com","1"
"124249965","www.walmart.com","1"
"124250319","www.walmart.com","1"
"124300541","www.walmart.com","1"
"124307410","www.walmart.com","1"
"124316247","www.sears.com","1"
"124320131","www.walmart.com","1"
"124362320","www.target.com","1"
"124362375","www.walmart.com","1"
"124363720","www.sears.com","1"
"124363720","www.walmart.com","1"
"124416447","www.walmart.com","2"
"124421181","www.target.com","1"
"124425865","www.target.com","1"
"124428295","www.target.com","6"
"124429974","www.walmart.com","1"
"124431555","www.walmart.com","1"
"124433113","www.sears.com","1"
"124433311","www.walmart.com","1"
"124436658","www.sears.com","1"
"124475405","www.walmart.com","3"
"124480914","www.walmart.com","1"
"124492949","www.walmart.com","1"
"124542418","www.target.com","2"
"124592168","www.walmart.com","1"
"124747523","www.walmart.com","1"
"124830082","www.target.com","1"
"124879469","www.walmart.com","1"
"124879523","www.walmart.com","1"
"124888580","www.target.com","1"
"125001557","www.target.com","1"
"125035982","www.walmart.com","1"
"125044940","www.target.com","2"
"125044940","www.walmart.com","3"
"125082683","www.walmart.com","1"
"125133781","www.sears.com","1"
"125141324","www.sears.com","1"
"125149008","www.walmart.com","1"
"125190637","www.walmart.com","1"
"125205763","www.walmart.com","1"
"125225738","www.walmart.com","1"
"125228314","www.walmart.com","1"
"125302517","www.target.com","1"
"125310416","www.walmart.com","1"
"125313092","www.sears.com","4"
"125313092","www.target.com","1"
"125313092","www.walmart.com","1"
"125357816","www.walmart.com","1"
"125362261","www.target.com","1"
"125362261","www.walmart.com","1"
"125414231","www.walmart.com","2"
"125521289","www.walmart.com","1"
"125521661","www.walmart.com","4"
"125574682","www.target.com","1"
"125647900","www.walmart.com","1"
"125700114","www.sears.com","1"
"125700114","www.walmart.com","1"
"125798827","www.sears.com","1"
"125798827","www.walmart.com","1"
"125799102","www.walmart.com","1"
"125839031","www.walmart.com","1"
"125841694","www.walmart.com","2"
"125865866","www.sears.com","1"
"125868689","www.target.com","1"
"125868689","www.walmart.com","1"
"125871177","www.sears.com","1"
"125871831","www.sears.com","1"
"125941309","www.walmart.com","1"
"125958203","www.target.com","1"
"126060008","www.walmart.com","1"
"126102951","www.walmart.com","1"
"126103434","www.sears.com","1"
"126110593","www.walmart.com","1"
"126111370","www.walmart.com","1"
"126153636","www.walmart.com","1"
"126209150","www.target.com","1"
"126209877","www.walmart.com","1"
"126211911","www.walmart.com","1"
"126259676","www.walmart.com","1"
"126305778","www.walmart.com","3"
"126312572","www.sears.com","1"
"126316689","www.target.com","1"
"126319641","www.sears.com","1"
"126354242","www.sears.com","1"
"126354912","www.target.com","1"
"126361715","www.walmart.com","1"
"126370721","www.walmart.com","1"
"126418102","www.target.com","1"
"126418520","www.walmart.com","1"
"126421233","www.target.com","2"
"126422871","www.walmart.com","1"
"126430549","www.walmart.com","2"
"126430892","www.walmart.com","2"
"126478891","www.target.com","1"
"126478921","www.walmart.com","1"
"126490812","www.target.com","1"
"126491229","www.walmart.com","1"
"126497334","www.walmart.com","2"
"126499010","www.sears.com","1"
"126501921","www.walmart.com","2"
"126504340","www.walmart.com","3"
"126546626","www.target.com","1"
"126546626","www.walmart.com","1"
"126549548","www.walmart.com","1"
"126559018","www.walmart.com","2"
"126559476","www.target.com","2"
"126562761","www.walmart.com","1"
"126564628","www.target.com","1"
"126569194","www.target.com","1"
"126569194","www.walmart.com","1"
"126570637","www.walmart.com","2"
"126615569","www.walmart.com","1"
"126625667","www.walmart.com","2"
"126627520","www.target.com","1"
"126639887","www.target.com","1"
"126639887","www.walmart.com","1"
"126640583","www.walmart.com","1"
"126689732","www.walmart.com","1"
"126690759","www.walmart.com","1"
"126691823","www.walmart.com","1"
"126693277","www.sears.com","1"
"126693317","www.walmart.com","1"
"126695684","www.walmart.com","1"
"126697003","www.walmart.com","1"
"126700611","www.walmart.com","1"
"126701764","www.sears.com","2"
"126704544","www.target.com","2"
"126706669","www.sears.com","1"
"126752588","www.walmart.com","1"
"126759746","www.target.com","1"
"126762673","www.target.com","1"
"126762673","www.walmart.com","1"
"126763204","www.target.com","2"
"126764708","www.sears.com","1"
"126769179","www.target.com","1"
"126769179","www.walmart.com","1"
"126820345","www.walmart.com","1"
"126820864","www.target.com","1"
"126827676","www.walmart.com","1"
"126828866","www.walmart.com","1"
"126829791","www.target.com","1"
"126829791","www.walmart.com","1"
"126833869","www.walmart.com","1"
"126841808","www.walmart.com","1"
"126857810","www.target.com","1"
"126864830","www.target.com","2"
"126867540","www.walmart.com","1"
"126946197","www.walmart.com","1"
"126950432","www.sears.com","1"
"126953363","www.walmart.com","1"
"126956123","www.target.com","1"
"127018994","www.sears.com","1"
"127024669","www.walmart.com","1"
"127025307","www.sears.com","1"
"127025307","www.target.com","1"
"127088134","www.target.com","1"
"127088172","www.walmart.com","1"
"127097146","www.target.com","1"
"127099125","www.walmart.com","1"
"127099315","www.walmart.com","1"
"127160988","www.target.com","3"
"127160988","www.walmart.com","1"
"127163998","www.target.com","2"
"127205372","www.walmart.com","1"
"127222356","www.target.com","1"
"127222356","www.walmart.com","1"
"127225190","www.sears.com","1"
"127225190","www.walmart.com","1"
"127263196","www.walmart.com","1"
"127280852","www.target.com","1"
"127309068","www.sears.com","1"
"127360155","www.walmart.com","1"
"127363733","www.sears.com","1"
"127414567","www.walmart.com","1"
"127415443","www.walmart.com","1"
"127416932","www.target.com","1"
"127470685","www.walmart.com","1"
"127477641","www.sears.com","1"
"127480198","www.walmart.com","1"
"127527204","www.walmart.com","1"
"127541808","www.walmart.com","2"
"127542211","www.target.com","1"
"127552929","www.walmart.com","2"
"127636916","www.walmart.com","1"
"127692481","www.walmart.com","1"
"127697831","www.target.com","1"
"127749979","www.walmart.com","1"
"127804054","www.walmart.com","3"
"127812536","www.target.com","4"
"127812536","www.walmart.com","1"
"127863287","www.walmart.com","1"
"127864693","www.target.com","1"
"127908255","www.sears.com","5"
"127911979","www.sears.com","2"
"127916024","www.target.com","1"
"127921145","www.walmart.com","1"
"127961327","www.target.com","1"
"128071597","www.walmart.com","3"
"128079332","www.walmart.com","1"
"128083295","www.walmart.com","1"
"128127282","www.walmart.com","1"
"128130741","www.sears.com","1"
"128141352","www.target.com","1"
"128141352","www.walmart.com","1"
"128192329","www.sears.com","1"
"128235983","www.target.com","1"
"128239570","www.walmart.com","1"
"128302991","www.target.com","1"
"128303547","www.walmart.com","1"
"128446519","www.walmart.com","3"
"128493865","www.target.com","1"
"128493865","www.walmart.com","1"
"128499744","www.walmart.com","1"
"128502884","www.walmart.com","4"
"128551663","www.walmart.com","3"
"128602614","www.walmart.com","1"
"128603681","www.walmart.com","1"
"128640068","www.target.com","1"
"128692404","www.walmart.com","1"
"128878120","www.walmart.com","1"
"128887461","www.target.com","1"
"128887461","www.walmart.com","1"
"128897207","www.walmart.com","1"
"129009091","www.sears.com","1"
"129009091","www.walmart.com","1"
"129011686","www.walmart.com","1"
"129074301","www.sears.com","1"
"129352973","www.walmart.com","2"
"129369832","www.walmart.com","1"
"129657330","www.target.com","1"
"129695371","www.walmart.com","1"
"129858638","www.target.com","1"
"129864991","www.target.com","1"
"129864991","www.walmart.com","2"
"129971515","www.walmart.com","3"
"129975935","www.target.com","1"
"130018223","www.sears.com","1"
"130018223","www.walmart.com","1"
"130069939","www.walmart.com","1"
"130076628","www.walmart.com","1"
"130130577","www.target.com","2"
"130189030","www.walmart.com","1"
"130191598","www.target.com","1"
"130191598","www.walmart.com","4"
"130283398","www.target.com","1"
"130291285","www.walmart.com","1"
"130297480","www.sears.com","1"
"130300441","www.target.com","1"
"130302976","www.walmart.com","2"
"130340404","www.target.com","1"
"130340404","www.walmart.com","1"
"130360892","www.walmart.com","1"
"130422835","www.walmart.com","1"
"130424446","www.sears.com","1"
"130425333","www.target.com","1"
"130561414","www.walmart.com","1"
"130613426","www.walmart.com","2"
"130624505","www.walmart.com","1"
"130672264","www.target.com","1"
"130676682","www.sears.com","1"
"130676682","www.walmart.com","1"
"130731884","www.walmart.com","1"
"130787199","www.walmart.com","1"
"130791871","www.walmart.com","1"
"130828493","www.walmart.com","1"
"130830553","www.walmart.com","1"
"130845834","www.walmart.com","1"
"130894594","www.walmart.com","1"
"130930192","www.walmart.com","3"
"130986667","www.target.com","1"
"131001837","www.walmart.com","1"
"131050561","www.target.com","1"
"131050561","www.walmart.com","1"
"131156889","www.walmart.com","1"
"131218568","www.walmart.com","1"
"131220526","www.walmart.com","4"
"131226291","www.walmart.com","1"
"131236446","www.walmart.com","1"
"131240873","www.target.com","1"
"131241365","www.walmart.com","1"
"131341641","www.walmart.com","2"
"131388211","www.walmart.com","1"
"131444645","www.walmart.com","1"
"131448403","www.walmart.com","2"
"131496665","www.walmart.com","1"
"131555308","www.walmart.com","1"
"131564814","www.target.com","1"
"131582708","www.walmart.com","1"
"131587222","www.sears.com","1"
"131592310","www.walmart.com","1"
"131595901","www.target.com","1"
"131611478","www.sears.com","1"
"131736672","www.walmart.com","1"
"131825312","www.sears.com","2"
"131844359","www.walmart.com","1"
"131844487","www.walmart.com","2"
"131847155","www.walmart.com","1"
"131860565","www.walmart.com","1"
"131861418","www.walmart.com","1"
"131873396","www.walmart.com","1"
"131948575","www.walmart.com","1"
"131964729","www.target.com","1"
"132007971","www.walmart.com","1"
"132016271","www.walmart.com","1"
"132016751","www.sears.com","1"
"132016751","www.walmart.com","3"
"132160845","www.walmart.com","1"
"132161554","www.walmart.com","1"
"132335431","www.walmart.com","1"
"132345956","www.target.com","3"
"132351872","www.sears.com","1"
"132504880","www.target.com","1"
"132510445","www.walmart.com","2"
"132635950","www.walmart.com","1"
"132637274","www.sears.com","1"
"132688517","www.target.com","1"
"132741872","www.target.com","1"
"132750842","www.walmart.com","1"
"132865165","www.walmart.com","1"
"132911031","www.target.com","1"
"132911031","www.walmart.com","2"
"132926198","www.target.com","1"
"132977960","www.target.com","1"
"133028879","www.target.com","1"
"133043867","www.walmart.com","1"
"133085903","www.target.com","1"
"133103519","www.target.com","1"
"133145527","www.target.com","4"
"133156434","www.walmart.com","2"
"133206391","www.target.com","1"
"133206391","www.walmart.com","1"
"133312021","www.target.com","1"
"133312021","www.walmart.com","1"
"133314159","www.sears.com","1"
"133314159","www.target.com","1"
"133329918","www.sears.com","2"
"133329918","www.target.com","1"
"133387526","www.walmart.com","1"
"133389698","www.sears.com","1"
"133447313","www.walmart.com","1"
"133447903","www.sears.com","1"
"133447903","www.walmart.com","1"
"133448322","www.sears.com","1"
"133508832","www.target.com","1"
"133510718","www.target.com","1"
"133553438","www.walmart.com","1"
"133599747","www.walmart.com","1"
"133600651","www.target.com","1"
"133738306","www.walmart.com","3"
"133784067","www.walmart.com","1"
"133786768","www.target.com","2"
"133842481","www.walmart.com","1"
"133852172","www.sears.com","1"
"133855288","www.walmart.com","1"
"133912701","www.walmart.com","2"
"133924241","www.walmart.com","1"
"133966011","www.sears.com","1"
"133985858","www.target.com","1"
"134114553","www.target.com","1"
"134118320","www.walmart.com","2"
"134194261","www.sears.com","2"
"134194261","www.target.com","1"
"134194261","www.walmart.com","1"
"134198456","www.target.com","1"
"134199599","www.walmart.com","3"
"134263744","www.walmart.com","1"
"134265256","www.target.com","1"
"134265256","www.walmart.com","1"
"134304069","www.walmart.com","4"
"134306827","www.sears.com","1"
"134367520","www.target.com","1"
"134367520","www.walmart.com","1"
"134372818","www.sears.com","1"
"134421385","www.walmart.com","1"
"134474972","www.walmart.com","1"
"134536509","www.sears.com","1"
"134536509","www.walmart.com","3"
"134548548","www.target.com","1"
"134554891","www.target.com","1"
"134601277","www.walmart.com","1"
"134605311","www.sears.com","1"
"134607559","www.target.com","1"
"134672803","www.target.com","1"
"134686484","www.target.com","1"
"134686484","www.walmart.com","1"
"134731266","www.walmart.com","1"
"134731886","www.sears.com","1"
"134731886","www.walmart.com","1"
"134737631","www.walmart.com","1"
"134750241","www.walmart.com","2"
"134813008","www.walmart.com","1"
"134867478","www.walmart.com","1"
"134876084","www.walmart.com","1"
"134887959","www.walmart.com","1"
"134981338","www.sears.com","1"
"134991001","www.walmart.com","1"
"135038635","www.target.com","5"
"135038635","www.walmart.com","1"
"135048776","www.walmart.com","1"
"135110674","www.target.com","1"
"135160349","www.walmart.com","1"
"135166825","www.sears.com","1"
"135170933","www.walmart.com","1"
"135218966","www.sears.com","2"
"135218966","www.walmart.com","1"
"135225701","www.walmart.com","1"
"135341832","www.target.com","1"
"135386516","www.walmart.com","1"
"135406977","www.walmart.com","1"
"135455274","www.sears.com","1"
"135533462","www.sears.com","2"
"135541240","www.walmart.com","1"
"135603174","www.walmart.com","1"
"135732062","www.walmart.com","2"
"135738874","www.sears.com","1"
"135746712","www.walmart.com","1"
"135798364","www.target.com","1"
"135850533","www.walmart.com","1"
"135854763","www.walmart.com","1"
"135860367","www.sears.com","1"
"135862613","www.walmart.com","1"
"135863834","www.target.com","1"
"135906689","www.walmart.com","1"
"135922876","www.walmart.com","1"
"135974527","www.sears.com","1"
"135983596","www.target.com","1"
"136086499","www.target.com","2"
"136091087","www.target.com","1"
"136095466","www.walmart.com","1"
"136250567","www.target.com","1"
"136262426","www.walmart.com","3"
"136269262","www.target.com","1"
"136307735","www.target.com","1"
"136374032","www.sears.com","1"
"136430032","www.sears.com","2"
"136430444","www.target.com","1"
"136431332","www.walmart.com","1"
"136483118","www.walmart.com","1"
"136548451","www.sears.com","1"
"136549315","www.walmart.com","1"
"136607377","www.walmart.com","2"
"136679185","www.walmart.com","1"
"136698446","www.target.com","1"
"136698446","www.walmart.com","1"
"136716968","www.target.com","1"
"136716968","www.walmart.com","1"
"136720382","www.target.com","1"
"136720382","www.walmart.com","1"
"136727833","www.target.com","1"
"136727833","www.walmart.com","1"
"136945520","www.walmart.com","2"
"136997864","www.target.com","1"
"137018376","www.walmart.com","1"
"137074548","www.sears.com","1"
"137138880","www.walmart.com","1"
"137202621","www.walmart.com","1"
"137325572","www.sears.com","1"
"137326122","www.target.com","3"
"137326122","www.walmart.com","1"
"137332965","www.sears.com","1"
"137332965","www.walmart.com","1"
"137602129","www.target.com","1"
"137657406","www.target.com","1"
"137668849","www.target.com","1"
"137718806","www.sears.com","1"
"137718920","www.walmart.com","2"
"137733687","www.target.com","1"
"137736152","www.target.com","1"
"137778666","www.target.com","1"
"137781312","www.walmart.com","1"
"137789134","www.walmart.com","1"
"137792195","www.target.com","1"
"137792195","www.walmart.com","1"
"137859006","www.target.com","1"
"137873120","www.walmart.com","1"
"137888725","www.target.com","1"
"137888725","www.walmart.com","1"
"137890067","www.walmart.com","1"
"137907443","www.sears.com","1"
"137916605","www.walmart.com","1"
"137919618","www.target.com","1"
"137919618","www.walmart.com","1"
"137920115","www.walmart.com","3"
"138051806","www.walmart.com","1"
"138111646","www.target.com","1"
"138111669","www.target.com","1"
"138115062","www.walmart.com","1"
"138164871","www.target.com","1"
"138229353","www.walmart.com","1"
"138292474","www.walmart.com","4"
"138418055","www.sears.com","1"
"138463786","www.walmart.com","1"
"138481142","www.walmart.com","1"
"138597754","www.target.com","2"
"138604555","www.sears.com","1"
"138651536","www.walmart.com","1"
"138655425","www.walmart.com","3"
"138665822","www.walmart.com","1"
"138728984","www.target.com","1"
"138731219","www.target.com","1"
"138734231","www.target.com","1"
"138780041","www.walmart.com","1"
"138786104","www.walmart.com","2"
"138836088","www.walmart.com","1"
"138838699","www.walmart.com","1"
"138843024","www.walmart.com","3"
"138853982","www.target.com","1"
"138855400","www.walmart.com","1"
"138868056","www.target.com","1"
"138885707","www.sears.com","1"
"138886481","www.sears.com","1"
"138886481","www.target.com","1"
"138886481","www.walmart.com","1"
"138890627","www.walmart.com","1"
"138907144","www.walmart.com","2"
"138922729","www.walmart.com","2"
"138925152","www.walmart.com","1"
"138925766","www.walmart.com","1"
"138926276","www.target.com","1"
"139101147","www.walmart.com","3"
"139116863","www.target.com","1"
"139149918","www.sears.com","1"
"139164575","www.target.com","3"
"139166230","www.walmart.com","1"
"139168755","www.walmart.com","1"
"139207350","www.walmart.com","1"
"139212465","www.target.com","1"
"139278382","www.walmart.com","1"
"139321287","www.walmart.com","1"
"139369411","www.walmart.com","1"
"139422714","www.target.com","1"
"139423430","www.walmart.com","1"
"139427104","www.walmart.com","1"
"139435572","www.walmart.com","1"
"139481804","www.walmart.com","1"
"139487914","www.walmart.com","1"
"139523708","www.walmart.com","1"
"139541099","www.target.com","1"
"139541319","www.target.com","1"
"139541319","www.walmart.com","4"
"139575777","www.target.com","1"
"139575777","www.walmart.com","1"
"139576368","www.walmart.com","1"
"139624737","www.walmart.com","1"
"139640709","www.walmart.com","1"
"139640849","www.target.com","1"
"139695476","www.target.com","1"
"139695476","www.walmart.com","1"
"139734298","www.target.com","2"
"139734298","www.walmart.com","2"
"139734657","www.sears.com","1"
"139738654","www.target.com","1"
"139747100","www.walmart.com","1"
"139793983","www.walmart.com","4"
"139834765","www.walmart.com","1"
"139847468","www.target.com","1"
"139886003","www.target.com","1"
"139898132","www.target.com","1"
"139901585","www.walmart.com","1"
"139939281","www.walmart.com","4"
"139943000","www.target.com","1"
"139950848","www.walmart.com","1"
"139953912","www.target.com","1"
"139953912","www.walmart.com","1"
"139959233","www.walmart.com","1"
"139966363","www.target.com","1"
"139967370","www.walmart.com","1"
"139971292","www.walmart.com","1"
"139972188","www.walmart.com","1"
"140049194","www.walmart.com","1"
"140102591","www.sears.com","1"
"140105592","www.sears.com","1"
"140107576","www.sears.com","1"
"140107962","www.target.com","1"
"140107962","www.walmart.com","1"
"140112661","www.sears.com","1"
"140112661","www.target.com","2"
"140112661","www.walmart.com","3"
"140226320","www.walmart.com","1"
"140265093","www.walmart.com","1"
"140266730","www.target.com","1"
"140266730","www.walmart.com","1"
"140266876","www.target.com","2"
"140333422","www.target.com","1"
"140379004","www.target.com","1"
"140385112","www.target.com","1"
"140385112","www.walmart.com","1"
"140418889","www.walmart.com","1"
"140430036","www.target.com","1"
"140434638","www.walmart.com","1"
"140436683","www.target.com","1"
"140480166","www.walmart.com","1"
"140486788","www.walmart.com","1"
"140531343","www.walmart.com","1"
"140538573","www.target.com","1"
"140541679","www.walmart.com","1"
"140542847","www.walmart.com","3"
"140645867","www.walmart.com","1"
"140703770","www.sears.com","1"
"140757005","www.walmart.com","1"
"140763152","www.walmart.com","1"
"140767385","www.target.com","2"
"140778825","www.target.com","1"
"140823363","www.sears.com","2"
"140825107","www.sears.com","1"
"140832611","www.target.com","1"
"140840194","www.sears.com","1"
"140852206","www.walmart.com","1"
"140932405","www.walmart.com","1"
"140937203","www.target.com","1"
"140937967","www.walmart.com","2"
"140945978","www.walmart.com","1"
"140984842","www.walmart.com","1"
"140989702","www.target.com","1"
"140998827","www.walmart.com","1"
"141040755","www.target.com","2"
"141050167","www.walmart.com","1"
"141052613","www.walmart.com","2"
"141056910","www.sears.com","1"
"141070987","www.walmart.com","1"
"141136493","www.walmart.com","1"
"141193416","www.target.com","1"
"141197334","www.target.com","1"
"141201520","www.sears.com","2"
"141244767","www.walmart.com","1"
"141257890","www.walmart.com","1"
"141300749","www.walmart.com","1"
"141356007","www.target.com","1"
"141356007","www.walmart.com","1"
"141356459","www.target.com","1"
"141356459","www.walmart.com","1"
"141357838","www.walmart.com","1"
"141363823","www.walmart.com","1"
"141409447","www.walmart.com","1"
"141410972","www.walmart.com","1"
"141457276","www.walmart.com","1"
"141459559","www.walmart.com","4"
"141460276","www.sears.com","1"
"141460276","www.walmart.com","1"
"141461855","www.target.com","1"
"141515156","www.target.com","1"
"141558766","www.sears.com","1"
"141562601","www.target.com","1"
"141563786","www.walmart.com","2"
"141603638","www.walmart.com","1"
"141717963","www.sears.com","1"
"141773608","www.walmart.com","2"
"141774149","www.walmart.com","1"
"141831767","www.target.com","1"
"141943497","www.walmart.com","1"
"142029973","www.sears.com","1"
"142029973","www.target.com","1"
"142048722","www.walmart.com","1"
"142098484","www.target.com","2"
"142098484","www.walmart.com","2"
"142104019","www.walmart.com","1"
"142141067","www.sears.com","1"
"142141067","www.target.com","1"
"142141067","www.walmart.com","1"
"142208194","www.walmart.com","1"
"142239326","www.sears.com","1"
"142244790","www.walmart.com","1"
"142253809","www.walmart.com","1"
"142294508","www.target.com","1"
"142307364","www.walmart.com","2"
"142310290","www.walmart.com","1"
"142310353","www.target.com","1"
"142342821","www.target.com","1"
"142363136","www.target.com","1"
"142374434","www.sears.com","1"
"142459302","www.walmart.com","1"
"142513896","www.target.com","1"
"142513896","www.walmart.com","1"
"142514815","www.walmart.com","1"
"142565473","www.walmart.com","1"
"142576305","www.walmart.com","1"
"142634856","www.walmart.com","2"
"142635764","www.sears.com","1"
"142666528","www.target.com","3"
"142668527","www.walmart.com","1"
"142670372","www.sears.com","2"
"142687989","www.target.com","1"
"142779649","www.target.com","1"
"142781920","www.walmart.com","1"
"142827504","www.target.com","2"
"142840183","www.walmart.com","1"
"142840562","www.target.com","1"
"142840562","www.walmart.com","1"
"142845976","www.walmart.com","1"
"142882210","www.target.com","1"
"142887111","www.target.com","1"
"142890568","www.target.com","1"
"142891068","www.walmart.com","2"
"142891095","www.target.com","1"
"142929469","www.walmart.com","1"
"142934368","www.target.com","1"
"142937219","www.walmart.com","1"
"142983941","www.target.com","1"
"142983941","www.walmart.com","1"
"142991058","www.walmart.com","1"
"142994827","www.walmart.com","1"
"143058826","www.walmart.com","1"
"143098445","www.walmart.com","1"
"143101292","www.walmart.com","1"
"143103094","www.walmart.com","1"
"143103867","www.target.com","1"
"143105083","www.walmart.com","1"
"143116159","www.target.com","1"
"143155328","www.target.com","1"
"143155328","www.walmart.com","1"
"143212318","www.target.com","1"
"143212318","www.walmart.com","1"
"143216452","www.target.com","1"
"143217809","www.target.com","1"
"143218421","www.target.com","1"
"143256427","www.target.com","1"
"143260890","www.target.com","1"
"143261495","www.target.com","1"
"143267339","www.sears.com","1"
"143268986","www.target.com","2"
"143317701","www.walmart.com","3"
"143410220","www.walmart.com","1"
"143416296","www.sears.com","1"
"143439071","www.walmart.com","1"
"143446248","www.walmart.com","1"
"143448408","www.walmart.com","1"
"143452903","www.walmart.com","1"
"143454817","www.walmart.com","1"
"143459097","www.walmart.com","1"
"143464931","www.walmart.com","1"
"143501363","www.walmart.com","1"
"143503717","www.walmart.com","1"
"143505885","www.walmart.com","1"
"143607259","www.walmart.com","1"
"143612783","www.walmart.com","1"
"143619140","www.walmart.com","1"
"143625757","www.walmart.com","1"
"143665733","www.sears.com","1"
"143671978","www.walmart.com","1"
"143672508","www.walmart.com","1"
"143709834","www.sears.com","1"
"143710163","www.target.com","1"
"143717287","www.walmart.com","1"
"143723947","www.target.com","1"
"143756581","www.target.com","1"
"143758881","www.walmart.com","1"
"143763663","www.sears.com","1"
"143768879","www.target.com","1"
"143803929","www.walmart.com","1"
"143813183","www.sears.com","1"
"143817117","www.walmart.com","1"
"143852681","www.target.com","1"
"143853051","www.walmart.com","1"
"143855101","www.sears.com","2"
"143855106","www.walmart.com","1"
"143855302","www.walmart.com","1"
"143857788","www.walmart.com","1"
"143859786","www.walmart.com","1"
"143903334","www.target.com","1"
"143903334","www.walmart.com","1"
"143917793","www.target.com","1"
"143939185","www.walmart.com","1"
"144004301","www.walmart.com","2"
"144012294","www.target.com","1"
"144013213","www.sears.com","1"
"144013213","www.target.com","1"
"144020105","www.sears.com","1"
"144020105","www.target.com","2"
"144023678","www.walmart.com","1"
"144052609","www.walmart.com","1"
"144063572","www.walmart.com","4"
"144063958","www.target.com","1"
"144070933","www.walmart.com","1"
"144071910","www.sears.com","1"
"144073688","www.walmart.com","1"
"144074272","www.sears.com","1"
"144101589","www.target.com","1"
"144105672","www.walmart.com","1"
"144109111","www.target.com","1"
"144109111","www.walmart.com","2"
"144109278","www.walmart.com","1"
"144114727","www.walmart.com","1"
"144116260","www.walmart.com","1"
"144148791","www.walmart.com","3"
"144157430","www.walmart.com","1"
"144159938","www.target.com","1"
"144197679","www.sears.com","2"
"144208650","www.target.com","1"
"144209745","www.target.com","1"
"144242600","www.target.com","1"
"144242618","www.walmart.com","1"
"144245984","www.walmart.com","1"
"144248345","www.walmart.com","1"
"144249669","www.walmart.com","1"
"144249679","www.walmart.com","1"
"144254988","www.walmart.com","1"
"144256594","www.walmart.com","1"
"144285039","www.walmart.com","1"
"144289577","www.walmart.com","1"
"144328571","www.sears.com","1"
"144332743","www.target.com","1"
"144334393","www.target.com","1"
"144334393","www.walmart.com","4"
"144335698","www.walmart.com","2"
"144341792","www.target.com","1"
"144343973","www.target.com","1"
"144343973","www.walmart.com","1"
"144344953","www.walmart.com","1"
"144345599","www.walmart.com","1"
"144387719","www.target.com","1"
"144388366","www.target.com","1"
"144388366","www.walmart.com","1"
"144391489","www.walmart.com","1"
"144398066","www.walmart.com","2"
"144405271","www.walmart.com","1"
"144409641","www.target.com","1"
"144414583","www.walmart.com","1"
"144416854","www.walmart.com","1"
"144417069","www.target.com","1"
"144417190","www.walmart.com","1"
"144418387","www.walmart.com","1"
"144420578","www.walmart.com","1"
"144421139","www.walmart.com","2"
"144422922","www.target.com","1"
"144440040","www.walmart.com","1"
"144443426","www.target.com","1"
"144445847","www.walmart.com","1"
"144450270","www.target.com","1"
"144450270","www.walmart.com","3"
"144451626","www.walmart.com","1"
"144544316","www.sears.com","1"
"144555565","www.walmart.com","1"
"144562443","www.walmart.com","1"
"144563073","www.target.com","1"
"144600900","www.walmart.com","1"
"144601418","www.walmart.com","1"
"144603248","www.walmart.com","1"
"144608499","www.target.com","1"
"144611365","www.walmart.com","1"
"144612442","www.sears.com","1"
"144612453","www.sears.com","1"
"144652002","www.walmart.com","1"
"144654592","www.target.com","1"
"144654592","www.walmart.com","1"
"144655578","www.walmart.com","1"
"144656900","www.target.com","2"
"144666686","www.walmart.com","1"
"144748761","www.target.com","1"
"144756734","www.target.com","1"
"144849678","www.target.com","1"
"144849697","www.target.com","1"
"144849697","www.walmart.com","1"
"144884919","www.walmart.com","3"
"144890020","www.walmart.com","1"
"144926339","www.sears.com","1"
"144933253","www.walmart.com","1"
"144935860","www.walmart.com","1"
"144968620","www.target.com","1"
"144969841","www.target.com","2"
"144969841","www.walmart.com","1"
"144972007","www.sears.com","1"
"144972007","www.walmart.com","1"
"144974726","www.walmart.com","2"
"144975416","www.walmart.com","2"
"144976242","www.target.com","1"
"144977409","www.walmart.com","3"
"144985793","www.walmart.com","1"
"144986136","www.walmart.com","1"
"145022354","www.walmart.com","1"
"145025452","www.walmart.com","1"
"145034017","www.walmart.com","1"
"145070979","www.walmart.com","2"
"145074054","www.walmart.com","2"
"145082139","www.sears.com","1"
"145125208","www.sears.com","2"
"145125208","www.target.com","1"
"145130070","www.walmart.com","2"
"145130160","www.walmart.com","3"
"145168022","www.target.com","5"
"145169422","www.walmart.com","1"
"145174217","www.target.com","1"
"145214127","www.target.com","1"
"145216159","www.walmart.com","1"
"145217964","www.walmart.com","2"
"145225650","www.walmart.com","1"
"145258145","www.target.com","2"
"145258332","www.target.com","1"
"145258332","www.walmart.com","1"
"145258611","www.target.com","1"
"145259519","www.target.com","1"
"145267430","www.walmart.com","1"
"145269191","www.walmart.com","1"
"145309675","www.walmart.com","2"
"145316515","www.walmart.com","3"
"145316974","www.target.com","1"
"145320724","www.walmart.com","1"
"145323364","www.target.com","1"
"145356133","www.walmart.com","2"
"145356790","www.walmart.com","1"
"145357345","www.target.com","1"
"145357345","www.walmart.com","1"
"145366621","www.walmart.com","1"
"145370405","www.target.com","1"
"145404202","www.walmart.com","1"
"145408647","www.target.com","1"
"145408647","www.walmart.com","1"
"145410529","www.sears.com","1"
"145413227","www.walmart.com","1"
"145420647","www.walmart.com","1"
"145422295","www.target.com","1"
"145457508","www.target.com","4"
"145460129","www.walmart.com","3"
"145466076","www.walmart.com","3"
"145472312","www.walmart.com","1"
"145508500","www.target.com","1"
"145508500","www.walmart.com","2"
"145509135","www.walmart.com","1"
"145510969","www.target.com","1"
"145511689","www.walmart.com","1"
"145512129","www.walmart.com","4"
"145513197","www.walmart.com","1"
"145520126","www.walmart.com","1"
"145555504","www.target.com","1"
"145555504","www.walmart.com","1"
"145556610","www.target.com","1"
"145567534","www.walmart.com","1"
"145568486","www.target.com","1"
"145572695","www.walmart.com","2"
"145606605","www.walmart.com","1"
"145608219","www.walmart.com","1"
"145613471","www.target.com","1"
"145613471","www.walmart.com","1"
"145619593","www.walmart.com","1"
"145621244","www.sears.com","2"
"145631500","www.sears.com","1"
"145631500","www.walmart.com","1"
"145633500","www.walmart.com","6"
"145634401","www.walmart.com","1"
"145634947","www.walmart.com","1"
"145641752","www.target.com","1"
"145643055","www.target.com","1"
"145707569","www.sears.com","1"
"145714846","www.walmart.com","1"
"145718342","www.target.com","1"
"145718342","www.walmart.com","1"
"145721335","www.sears.com","2"
"145721538","www.walmart.com","1"
"145757343","www.sears.com","1"
"145761005","www.walmart.com","1"
"145763448","www.target.com","2"
"145764659","www.target.com","1"
"145766575","www.sears.com","1"
"145766715","www.walmart.com","1"
"145768426","www.walmart.com","1"
"145807954","www.walmart.com","1"
"145808167","www.walmart.com","1"
"145808335","www.walmart.com","1"
"145817338","www.target.com","1"
"145817338","www.walmart.com","1"
"145856159","www.walmart.com","1"
"145862470","www.walmart.com","1"
"145868318","www.target.com","1"
"145869043","www.walmart.com","1"
"145903305","www.walmart.com","1"
"145903576","www.target.com","1"
"145903576","www.walmart.com","1"
"145911747","www.sears.com","1"
"145911747","www.walmart.com","2"
"145911760","www.target.com","1"
"145916409","www.walmart.com","1"
"145917762","www.walmart.com","1"
"145918101","www.walmart.com","1"
"145966785","www.walmart.com","1"
"145968751","www.walmart.com","1"
"146004004","www.walmart.com","1"
"146005857","www.target.com","1"
"146009215","www.walmart.com","1"
"146011531","www.walmart.com","1"
"146016188","www.walmart.com","1"
"146017540","www.target.com","1"
"146018206","www.walmart.com","1"
"146018495","www.target.com","1"
"146019266","www.target.com","1"
"146050356","www.walmart.com","1"
"146057576","www.walmart.com","2"
"146058749","www.walmart.com","1"
"146058793","www.target.com","1"
"146061045","www.walmart.com","1"
"146062466","www.walmart.com","1"
"146062654","www.target.com","1"
"146062787","www.walmart.com","1"
"146064356","www.walmart.com","1"
"146100309","www.target.com","1"
"146100309","www.walmart.com","1"
"146105089","www.walmart.com","1"
"146105532","www.walmart.com","1"
"146105657","www.walmart.com","1"
"146106792","www.walmart.com","1"
"146111449","www.walmart.com","1"
"146111649","www.walmart.com","1"
"146142341","www.walmart.com","2"
"146142342","www.walmart.com","1"
"146143285","www.target.com","1"
"146143321","www.target.com","1"
"146144781","www.walmart.com","1"
"146145682","www.target.com","2"
"146145682","www.walmart.com","1"
"146149029","www.walmart.com","1"
"146149164","www.walmart.com","2"
"146149743","www.walmart.com","1"
"146150935","www.walmart.com","1"
"146154738","www.walmart.com","1"
"146155258","www.target.com","1"
"146158704","www.walmart.com","1"
"146184274","www.walmart.com","1"
"146186599","www.target.com","1"
"146186599","www.walmart.com","2"
"146187022","www.target.com","1"
"146189458","www.walmart.com","1"
"146194033","www.target.com","1"
"146194033","www.walmart.com","1"
"146194656","www.walmart.com","1"
"146199306","www.target.com","1"
"146199306","www.walmart.com","2"
"146200411","www.walmart.com","2"
"146238504","www.target.com","1"
"146240058","www.walmart.com","1"
"146284757","www.walmart.com","2"
"146292931","www.walmart.com","1"
"146302135","www.target.com","1"
"146340252","www.walmart.com","1"
"146342199","www.sears.com","1"
"146345435","www.walmart.com","1"
"146378794","www.walmart.com","2"
"146383948","www.target.com","1"
"146388828","www.target.com","1"
"146391315","www.walmart.com","1"
"146393346","www.walmart.com","1"
"146394314","www.target.com","1"
"146396308","www.walmart.com","3"
"146396899","www.walmart.com","1"
"146397261","www.walmart.com","1"
"146427397","www.walmart.com","1"
"146432892","www.walmart.com","1"
"146434411","www.walmart.com","1"
"146435076","www.target.com","1"
"146435076","www.walmart.com","1"
"146478637","www.walmart.com","2"
"146484038","www.target.com","1"
"146488263","www.sears.com","1"
"146489587","www.sears.com","1"
"146490324","www.target.com","1"
"146490324","www.walmart.com","1"
"146524529","www.target.com","1"
"146527538","www.target.com","1"
"146533775","www.walmart.com","1"
"146534428","www.sears.com","1"
"146536479","www.walmart.com","1"
"146537327","www.target.com","1"
"146573486","www.walmart.com","2"
"146582392","www.walmart.com","1"
"146620708","www.target.com","2"
"146625184","www.target.com","1"
"146630011","www.walmart.com","1"
"146632831","www.walmart.com","1"
"146633437","www.target.com","1"
"146634154","www.target.com","1"
"146634558","www.sears.com","1"
"146634619","www.walmart.com","1"
"146667558","www.walmart.com","1"
"146673795","www.walmart.com","1"
"146676125","www.walmart.com","1"
"146678378","www.target.com","1"
"146678378","www.walmart.com","1"
"146678696","www.walmart.com","1"
"146679604","www.walmart.com","1"
"146713055","www.target.com","1"
"146718532","www.walmart.com","1"
"146722642","www.walmart.com","1"
"146766531","www.walmart.com","1"
"146770280","www.target.com","1"
"146770345","www.target.com","1"
"146772569","www.walmart.com","1"
"146807582","www.target.com","1"
"146816044","www.walmart.com","1"
"146847190","www.walmart.com","1"
"146852926","www.walmart.com","1"
"146854727","www.walmart.com","1"
"146856202","www.walmart.com","1"
"146858261","www.walmart.com","1"
"146897705","www.walmart.com","1"
"146898523","www.target.com","1"
"146903134","www.walmart.com","1"
"146907143","www.target.com","2"
"146907143","www.walmart.com","1"
"146908514","www.walmart.com","1"
"146914244","www.walmart.com","1"
"146916370","www.sears.com","5"
"146918169","www.walmart.com","1"
"146918974","www.target.com","1"
"146918974","www.walmart.com","1"
"146922340","www.sears.com","1"
"146924276","www.target.com","1"
"146924276","www.walmart.com","1"
"146929552","www.walmart.com","3"
"146991759","www.walmart.com","3"
"146993156","www.sears.com","1"
"146993156","www.walmart.com","1"
"146994524","www.target.com","1"
"146994524","www.walmart.com","1"
"146996032","www.walmart.com","1"
"146998435","www.sears.com","1"
"146998435","www.walmart.com","1"
"146999480","www.walmart.com","1"
"147001523","www.walmart.com","1"
"147004546","www.walmart.com","1"
"147006059","www.target.com","1"
"147007472","www.target.com","1"
"147038529","www.sears.com","1"
"147042992","www.walmart.com","1"
"147050115","www.walmart.com","2"
"147054451","www.walmart.com","2"
"147100831","www.sears.com","1"
"147100831","www.walmart.com","2"
"147134843","www.walmart.com","1"
"147139552","www.walmart.com","1"
"147143146","www.target.com","1"
"147143146","www.walmart.com","1"
"147144218","www.walmart.com","3"
"147179903","www.walmart.com","3"
"147184058","www.walmart.com","2"
"147186603","www.walmart.com","1"
"147187140","www.sears.com","1"
"147191991","www.walmart.com","1"
"147235060","www.sears.com","1"
"147235060","www.target.com","2"
"147235060","www.walmart.com","2"
"147274596","www.walmart.com","1"
"147276665","www.walmart.com","1"
"147284532","www.walmart.com","2"
"147319295","www.walmart.com","1"
"147322135","www.target.com","1"
"147322135","www.walmart.com","1"
"147324088","www.walmart.com","1"
"147324526","www.walmart.com","1"
"147328190","www.target.com","2"
"147328190","www.walmart.com","1"
"147333252","www.walmart.com","1"
"147333518","www.walmart.com","1"
"147361042","www.walmart.com","1"
"147367403","www.walmart.com","1"
"147376371","www.target.com","1"
"147376371","www.walmart.com","1"
"147377907","www.walmart.com","1"
"147413831","www.walmart.com","1"
"147447698","www.walmart.com","1"
"147449850","www.walmart.com","1"
"147453258","www.walmart.com","1"
"147453630","www.target.com","1"
"147453630","www.walmart.com","1"
"147455582","www.walmart.com","1"
"147456061","www.walmart.com","1"
"147459691","www.walmart.com","1"
"147494576","www.target.com","1"
"147495108","www.target.com","1"
"147503590","www.walmart.com","1"
"147503693","www.walmart.com","1"
"147541837","www.sears.com","1"
"147541837","www.walmart.com","1"
"147544001","www.walmart.com","1"
"147546800","www.sears.com","1"
"147546800","www.walmart.com","1"
"147581788","www.walmart.com","3"
"147582101","www.walmart.com","1"
"147584082","www.target.com","1"
"147585090","www.target.com","1"
"147588254","www.target.com","1"
"147591913","www.target.com","1"
"147591913","www.walmart.com","1"
"147618830","www.walmart.com","1"
"147621147","www.target.com","1"
"147624512","www.walmart.com","1"
"147627578","www.walmart.com","1"
"147631026","www.target.com","1"
"147661197","www.walmart.com","2"
"147661282","www.walmart.com","1"
"147664065","www.target.com","1"
"147666550","www.walmart.com","1"
"147670818","www.walmart.com","1"
"147672187","www.target.com","1"
"147673516","www.target.com","3"
"147673529","www.sears.com","2"
"147700034","www.walmart.com","2"
"147700334","www.target.com","1"
"147700334","www.walmart.com","2"
"147702803","www.walmart.com","1"
"147702981","www.walmart.com","1"
"147712134","www.target.com","1"
"147740376","www.walmart.com","2"
"147740730","www.walmart.com","1"
"147749245","www.target.com","2"
"147749245","www.walmart.com","2"
"147754419","www.walmart.com","1"
"147764157","www.walmart.com","1"
"147764288","www.target.com","1"
"147764578","www.target.com","2"
"147765024","www.walmart.com","1"
"147770655","www.walmart.com","2"
"147771607","www.walmart.com","1"
"147772029","www.sears.com","1"
"147772029","www.target.com","1"
"147772029","www.walmart.com","1"
"147772785","www.walmart.com","2"
"147828611","www.sears.com","1"
"147829415","www.walmart.com","1"
"147829445","www.sears.com","1"
"147829634","www.target.com","2"
"147829634","www.walmart.com","2"
"147831750","www.target.com","1"
"147842954","www.target.com","2"
"147878327","www.target.com","1"
"147879227","www.sears.com","1"
"147879227","www.walmart.com","1"
"147879613","www.target.com","1"
"147883638","www.sears.com","2"
"147893662","www.walmart.com","1"
"147927385","www.walmart.com","1"
"147932987","www.walmart.com","1"
"147934121","www.walmart.com","2"
"147935188","www.walmart.com","2"
"147936654","www.walmart.com","1"
"147973229","www.walmart.com","1"
"147979397","www.walmart.com","2"
"147982819","www.walmart.com","1"
"148020388","www.target.com","1"
"148027828","www.sears.com","1"
"148027828","www.target.com","1"
"148028236","www.walmart.com","3"
"148065111","www.target.com","1"
"148065111","www.walmart.com","2"
"148067517","www.walmart.com","1"
"148068532","www.target.com","1"
"148073281","www.walmart.com","1"
"148073382","www.walmart.com","1"
"148076532","www.target.com","1"
"148076532","www.walmart.com","1"
"148076855","www.target.com","1"
"148077281","www.sears.com","1"
"148109563","www.target.com","1"
"148109750","www.target.com","1"
"148112489","www.walmart.com","1"
"148114482","www.target.com","1"
"148114482","www.walmart.com","1"
"148115870","www.target.com","1"
"148115870","www.walmart.com","1"
"148116364","www.target.com","1"
"148116364","www.walmart.com","1"
"148118223","www.sears.com","1"
"148118429","www.walmart.com","1"
"148123596","www.walmart.com","1"
"148124698","www.walmart.com","3"
"148125219","www.sears.com","1"
"148125219","www.walmart.com","1"
"148125867","www.walmart.com","2"
"148126014","www.target.com","1"
"148126014","www.walmart.com","1"
"148161433","www.walmart.com","1"
"148166114","www.target.com","1"
"148172757","www.walmart.com","1"
"148172887","www.target.com","1"
"148173132","www.target.com","2"
"148173132","www.walmart.com","1"
"148176671","www.target.com","1"
"148177941","www.walmart.com","1"
"148209294","www.walmart.com","1"
"148211018","www.walmart.com","1"
"148218460","www.sears.com","1"
"148221841","www.walmart.com","4"
"148225735","www.walmart.com","1"
"148228300","www.walmart.com","1"
"148229907","www.walmart.com","1"
"148230664","www.target.com","1"
"148231769","www.walmart.com","1"
"148238142","www.walmart.com","1"
"148246532","www.target.com","1"
"148247385","www.target.com","1"
"148276716","www.target.com","1"
"148281244","www.walmart.com","1"
"148282546","www.walmart.com","1"
"148286412","www.walmart.com","1"
"148287411","www.walmart.com","1"
"148288600","www.walmart.com","2"
"148288648","www.walmart.com","1"
"148293280","www.walmart.com","1"
"148358794","www.walmart.com","1"
"148362930","www.walmart.com","1"
"148393977","www.walmart.com","1"
"148398093","www.walmart.com","1"
"148407940","www.target.com","1"
"148407940","www.walmart.com","1"
"148408390","www.walmart.com","2"
"148435688","www.sears.com","1"
"148436289","www.walmart.com","1"
"148438268","www.walmart.com","3"
"148440013","www.sears.com","1"
"148440368","www.walmart.com","1"
"148451476","www.target.com","1"
"148451602","www.walmart.com","1"
"148452677","www.target.com","1"
"148456208","www.walmart.com","1"
"148458938","www.target.com","1"
"148458938","www.walmart.com","1"
"148461610","www.walmart.com","1"
"148461627","www.sears.com","1"
"148462468","www.walmart.com","1"
"148463945","www.walmart.com","1"
"148465124","www.target.com","1"
"148466441","www.target.com","1"
"148468940","www.walmart.com","1"
"148469115","www.target.com","1"
"148470171","www.walmart.com","1"
"148536532","www.target.com","1"
"148580287","www.walmart.com","1"
"148580890","www.target.com","1"
"148581340","www.walmart.com","1"
"148584947","www.target.com","1"
"148584947","www.walmart.com","1"
"148586625","www.sears.com","1"
"148587957","www.walmart.com","1"
"148588451","www.target.com","1"
"148589446","www.walmart.com","1"
"148592585","www.walmart.com","1"
"148624988","www.walmart.com","1"
"148625985","www.walmart.com","1"
"148627400","www.sears.com","1"
"148628854","www.walmart.com","1"
"148630618","www.walmart.com","1"
"148632975","www.walmart.com","1"
"148633208","www.sears.com","1"
"148633208","www.walmart.com","3"
"148633777","www.walmart.com","1"
"148634219","www.walmart.com","1"
"148634420","www.walmart.com","1"
"148636412","www.sears.com","1"
"148638618","www.walmart.com","1"
"148641681","www.walmart.com","3"
"148672106","www.target.com","1"
"148690393","www.walmart.com","3"
"148728757","www.walmart.com","1"
"148729672","www.walmart.com","1"
"148730591","www.walmart.com","1"
"148736445","www.target.com","1"
"148736445","www.walmart.com","1"
"148738274","www.sears.com","1"
"148771064","www.target.com","1"
"148775663","www.walmart.com","2"
"148776642","www.sears.com","1"
"148776642","www.walmart.com","1"
"148779473","www.walmart.com","1"
"148820907","www.walmart.com","2"
"148825330","www.sears.com","1"
"148825330","www.walmart.com","1"
"148825485","www.target.com","1"
"148825729","www.walmart.com","2"
"148828372","www.walmart.com","1"
"148833893","www.walmart.com","1"
"148838802","www.walmart.com","2"
"148876345","www.walmart.com","1"
"148878783","www.walmart.com","1"
"148889517","www.walmart.com","3"
"148889786","www.walmart.com","1"
"148890020","www.target.com","1"
"148890037","www.walmart.com","1"
"148929220","www.walmart.com","1"
"148929380","www.walmart.com","1"
"148932551","www.target.com","1"
"148933676","www.target.com","1"
"148938062","www.walmart.com","1"
"148942325","www.sears.com","1"
"148942325","www.walmart.com","2"
"148979437","www.walmart.com","1"
"148982752","www.walmart.com","1"
"148990093","www.walmart.com","2"
"148992505","www.walmart.com","1"
"148992934","www.target.com","1"
"148999391","www.target.com","1"
"148999391","www.walmart.com","1"
"149007268","www.sears.com","1"
"149090001","www.target.com","1"
"149090001","www.walmart.com","1"
"149095518","www.walmart.com","1"
"149146224","www.target.com","1"
"149147375","www.walmart.com","1"
"149148117","www.target.com","1"
"149149538","www.target.com","1"
"149155091","www.target.com","1"
"149155091","www.walmart.com","1"
"149158195","www.target.com","1"
"149158288","www.walmart.com","1"
"149164973","www.sears.com","2"
"149164973","www.walmart.com","1"
"149208643","www.sears.com","1"
"149213742","www.target.com","1"
"149215063","www.sears.com","1"
"149217576","www.walmart.com","1"
"149221514","www.walmart.com","1"
"149221548","www.walmart.com","1"
"149260412","www.sears.com","1"
"149265900","www.sears.com","4"
"149265900","www.target.com","2"
"149265900","www.walmart.com","1"
"149270589","www.target.com","1"
"149270932","www.sears.com","1"
"149270932","www.walmart.com","2"
"149272886","www.walmart.com","1"
"149317034","www.target.com","1"
"149322730","www.walmart.com","1"
"149323071","www.sears.com","1"
"149325863","www.target.com","1"
"149326579","www.walmart.com","1"
"149328537","www.walmart.com","1"
"149331619","www.walmart.com","1"
"149331861","www.walmart.com","1"
"149334673","www.walmart.com","1"
"149335178","www.walmart.com","2"
"149371632","www.walmart.com","1"
"149379718","www.target.com","1"
"149379718","www.walmart.com","1"
"149385160","www.target.com","1"
"149387517","www.walmart.com","1"
"149431999","www.walmart.com","1"
"149432768","www.walmart.com","1"
"149433059","www.target.com","2"
"149435382","www.walmart.com","3"
"149435767","www.sears.com","1"
"149449056","www.target.com","1"
"149486869","www.sears.com","1"
"149487050","www.walmart.com","1"
"149493696","www.walmart.com","1"
"149497464","www.walmart.com","1"
"149501868","www.walmart.com","1"
"149539209","www.walmart.com","1"
"149546525","www.target.com","1"
"149548407","www.sears.com","2"
"149590731","www.walmart.com","1"
"149593347","www.walmart.com","1"
"149593834","www.target.com","1"
"149595750","www.walmart.com","2"
"149596223","www.target.com","1"
"149596690","www.target.com","1"
"149596690","www.walmart.com","1"
"149601173","www.walmart.com","1"
"149603805","www.sears.com","1"
"149603805","www.target.com","1"
"149603805","www.walmart.com","2"
"149605491","www.walmart.com","2"
"149606759","www.walmart.com","1"
"149648292","www.walmart.com","1"
"149649348","www.walmart.com","1"
"149652021","www.target.com","1"
"149652310","www.target.com","1"
"149652310","www.walmart.com","1"
"149693142","www.walmart.com","2"
"149696005","www.walmart.com","1"
"149698404","www.target.com","1"
"149698404","www.walmart.com","1"
"149706658","www.sears.com","1"
"149744111","www.walmart.com","1"
"149747187","www.walmart.com","1"
"149749063","www.walmart.com","1"
"149826278","www.walmart.com","1"
"149826678","www.walmart.com","3"
"149829643","www.target.com","1"
"149833937","www.walmart.com","1"
"149834942","www.sears.com","1"
"149834942","www.walmart.com","1"
"149835239","www.target.com","1"
"149872573","www.target.com","1"
"149875067","www.walmart.com","1"
"149878054","www.target.com","1"
"149878054","www.walmart.com","1"
"149880282","www.walmart.com","1"
"149885886","www.walmart.com","1"
"149918712","www.walmart.com","2"
"149924106","www.walmart.com","1"
"149925579","www.walmart.com","1"
"149931479","www.walmart.com","1"
"149931639","www.sears.com","1"
"149931808","www.target.com","1"
"149936284","www.walmart.com","1"
"149974527","www.target.com","1"
"149974613","www.sears.com","1"
"149974613","www.walmart.com","1"
"149979207","www.walmart.com","1"
"149985575","www.walmart.com","1"
"150023713","www.sears.com","1"
"150023713","www.walmart.com","1"
"150026982","www.sears.com","1"
"150028105","www.walmart.com","1"
"150032639","www.walmart.com","1"
"150033202","www.target.com","1"
"150033550","www.target.com","1"
"150039086","www.walmart.com","1"
"150040462","www.walmart.com","1"
"150040924","www.walmart.com","1"
"150041751","www.target.com","2"
"150043532","www.target.com","2"
"150044379","www.walmart.com","2"
"150079480","www.walmart.com","4"
"150081505","www.sears.com","1"
"150082339","www.walmart.com","1"
"150085126","www.target.com","1"
"150086418","www.walmart.com","1"
"150091728","www.walmart.com","1"
"150091793","www.walmart.com","1"
"150094441","www.walmart.com","1"
"150096344","www.walmart.com","2"
"150130614","www.sears.com","1"
"150131647","www.walmart.com","1"
"150133716","www.sears.com","2"
"150140430","www.walmart.com","1"
"150141157","www.walmart.com","1"
"150189294","www.walmart.com","1"
"150189333","www.walmart.com","1"
"150201849","www.walmart.com","3"
"150235337","www.sears.com","1"
"150237479","www.walmart.com","1"
"150247641","www.walmart.com","1"
"150291506","www.target.com","1"
"150291743","www.walmart.com","1"
"150291894","www.target.com","1"
"150293967","www.walmart.com","2"
"150296134","www.sears.com","1"
"150299429","www.walmart.com","1"
"150303937","www.sears.com","1"
"150343008","www.walmart.com","1"
"150343183","www.target.com","1"
"150350567","www.walmart.com","1"
"150351488","www.target.com","1"
"150351488","www.walmart.com","1"
"150356458","www.walmart.com","1"
"150365099","www.walmart.com","1"
"150369000","www.sears.com","1"
"150369000","www.walmart.com","1"
"150374348","www.walmart.com","2"
"150381123","www.walmart.com","1"
"150448369","www.walmart.com","1"
"150455013","www.walmart.com","1"
"150456115","www.walmart.com","2"
"150459217","www.target.com","1"
"150506892","www.target.com","1"
"150506892","www.walmart.com","1"
"150512036","www.walmart.com","3"
"150512525","www.walmart.com","1"
"150512576","www.sears.com","1"
"150537765","www.target.com","1"
"150610530","www.sears.com","1"
"150612335","www.walmart.com","1"
"150619284","www.walmart.com","1"
"150624304","www.sears.com","2"
"150662540","www.target.com","1"
"150677725","www.walmart.com","1"
"150678172","www.walmart.com","1"
"150721240","www.sears.com","2"
"150724649","www.walmart.com","1"
"150729903","www.sears.com","1"
"150729903","www.target.com","1"
"150729903","www.walmart.com","1"
"150730709","www.walmart.com","1"
"150733313","www.sears.com","1"
"150735006","www.walmart.com","1"
"150740076","www.walmart.com","1"
"150750482","www.walmart.com","2"
"150759148","www.walmart.com","1"
"150769806","www.walmart.com","1"
"150778715","www.target.com","1"
"150779763","www.sears.com","1"
"150780437","www.walmart.com","1"
"150784495","www.sears.com","1"
"150793213","www.target.com","2"
"150793213","www.walmart.com","1"
"150794881","www.target.com","1"
"150799991","www.walmart.com","1"
"150804834","www.walmart.com","1"
"150811701","www.walmart.com","1"
"150820241","www.walmart.com","1"
"150820478","www.sears.com","7"
"150823709","www.walmart.com","1"
"150999233","www.walmart.com","1"
"151001256","www.target.com","1"
"151011866","www.walmart.com","1"
"151012594","www.target.com","1"
"151015141","www.sears.com","1"
"151019374","www.walmart.com","1"
"151022407","www.walmart.com","1"
"151090392","www.walmart.com","1"
"151094854","www.walmart.com","1"
"151095095","www.target.com","1"
"151095292","www.sears.com","1"
"151095292","www.target.com","1"
"151105934","www.target.com","1"
"151105934","www.walmart.com","1"
"151106032","www.walmart.com","1"
"151109878","www.target.com","1"
"151109878","www.walmart.com","1"
"151147699","www.walmart.com","2"
"151152045","www.walmart.com","1"
"151154085","www.sears.com","1"
"151156051","www.target.com","1"
"151157433","www.walmart.com","1"
"151162102","www.walmart.com","1"
"151164972","www.sears.com","2"
"151200093","www.target.com","1"
"151201053","www.target.com","1"
"151202888","www.walmart.com","1"
"151209683","www.target.com","1"
"151209687","www.walmart.com","2"
"151209981","www.target.com","1"
"151209981","www.walmart.com","1"
"151210603","www.walmart.com","1"
"151214907","www.walmart.com","1"
"151215416","www.walmart.com","2"
"151247006","www.sears.com","1"
"151249141","www.walmart.com","1"
"151251637","www.target.com","1"
"151251637","www.walmart.com","2"
"151257690","www.target.com","1"
"151261038","www.target.com","1"
"151262640","www.sears.com","1"
"151269198","www.sears.com","1"
"151275695","www.target.com","1"
"151275695","www.walmart.com","1"
"151277085","www.walmart.com","1"
"151278063","www.walmart.com","2"
"151347054","www.walmart.com","1"
"151347364","www.target.com","4"
"151348334","www.walmart.com","1"
"151352260","www.target.com","1"
"151357568","www.target.com","1"
"151357568","www.walmart.com","1"
"151358814","www.walmart.com","1"
"151360159","www.target.com","1"
"151360159","www.walmart.com","2"
"151360503","www.walmart.com","1"
"151396102","www.walmart.com","4"
"151396198","www.walmart.com","2"
"151406101","www.walmart.com","1"
"151440472","www.walmart.com","4"
"151448681","www.target.com","1"
"151448681","www.walmart.com","1"
"151451433","www.walmart.com","1"
"151454776","www.walmart.com","1"
"151459100","www.walmart.com","2"
"151498399","www.walmart.com","1"
"151506700","www.target.com","1"
"151508999","www.walmart.com","3"
"151511571","www.sears.com","1"
"151511592","www.walmart.com","1"
"151512168","www.walmart.com","1"
"151513763","www.walmart.com","1"
"151517041","www.sears.com","1"
"151517433","www.target.com","1"
"151517433","www.walmart.com","1"
"151562374","www.target.com","1"
"151566578","www.walmart.com","1"
"151653138","www.walmart.com","1"
"151656314","www.walmart.com","1"
"151657120","www.walmart.com","1"
"151662436","www.walmart.com","1"
"151697864","www.sears.com","1"
"151698291","www.walmart.com","1"
"151705687","www.walmart.com","2"
"151707184","www.walmart.com","1"
"151716171","www.walmart.com","3"
"151754229","www.walmart.com","1"
"151757440","www.target.com","1"
"151763747","www.sears.com","1"
"151796435","www.target.com","1"
"151796435","www.walmart.com","1"
"151798142","www.walmart.com","4"
"151798833","www.walmart.com","1"
"151806344","www.walmart.com","2"
"151810345","www.target.com","1"
"151813248","www.target.com","1"
"151814033","www.target.com","1"
"151815273","www.walmart.com","1"
"151853331","www.walmart.com","3"
"151854631","www.walmart.com","1"
"151854752","www.walmart.com","1"
"151858355","www.walmart.com","1"
"151859697","www.sears.com","1"
"151862279","www.target.com","1"
"151862504","www.sears.com","1"
"151864085","www.sears.com","3"
"151864506","www.walmart.com","2"
"151898564","www.target.com","1"
"151898988","www.walmart.com","1"
"151901919","www.walmart.com","1"
"151903351","www.sears.com","2"
"151903445","www.walmart.com","1"
"151906229","www.target.com","1"
"151908492","www.target.com","1"
"151908492","www.walmart.com","1"
"151909029","www.walmart.com","2"
"151910149","www.walmart.com","1"
"151910785","www.sears.com","1"
"151910785","www.target.com","1"
"151913443","www.sears.com","1"
"151913449","www.walmart.com","1"
"151915218","www.walmart.com","1"
"151915276","www.target.com","1"
"151918503","www.walmart.com","1"
"151953248","www.target.com","1"
"151954717","www.walmart.com","1"
"151956556","www.walmart.com","1"
"151966552","www.target.com","1"
"151966552","www.walmart.com","1"
"151967063","www.sears.com","2"
"151967063","www.walmart.com","6"
"151999117","www.walmart.com","1"
"152000762","www.target.com","2"
"152000762","www.walmart.com","2"
"152000939","www.walmart.com","1"
"152002178","www.target.com","2"
"152002178","www.walmart.com","1"
"152006648","www.target.com","1"
"152006648","www.walmart.com","5"
"152007679","www.target.com","1"
"152009220","www.sears.com","1"
"152012749","www.walmart.com","1"
"152016946","www.walmart.com","1"
"152017762","www.walmart.com","2"
"152017911","www.sears.com","1"
"152018219","www.walmart.com","1"
"152018311","www.walmart.com","1"
"152020449","www.target.com","1"
"152020449","www.walmart.com","1"
"152053680","www.sears.com","1"
"152053680","www.target.com","2"
"152053680","www.walmart.com","3"
"152054007","www.walmart.com","1"
"152054221","www.walmart.com","1"
"152054454","www.walmart.com","1"
"152055046","www.target.com","1"
"152055046","www.walmart.com","1"
"152056660","www.walmart.com","1"
"152063318","www.walmart.com","1"
"152066155","www.target.com","1"
"152072203","www.walmart.com","1"
"152103952","www.walmart.com","1"
"152105543","www.walmart.com","1"
"152106900","www.walmart.com","1"
"152108172","www.target.com","1"
"152111643","www.sears.com","1"
"152117015","www.sears.com","1"
"152120502","www.walmart.com","1"
"152122046","www.target.com","1"
"152122046","www.walmart.com","1"
"152123585","www.walmart.com","3"
"152161105","www.sears.com","1"
"152165790","www.walmart.com","1"
"152166335","www.walmart.com","1"
"152169884","www.walmart.com","1"
"152171013","www.walmart.com","1"
"152172040","www.walmart.com","1"
"152214239","www.target.com","1"
"152225033","www.walmart.com","1"
"152225331","www.sears.com","1"
"152225331","www.target.com","1"
"152225331","www.walmart.com","2"
"152228262","www.walmart.com","1"
"152229118","www.target.com","1"
"152262309","www.walmart.com","1"
"152262538","www.walmart.com","1"
"152264482","www.target.com","1"
"152274445","www.walmart.com","1"
"152320855","www.sears.com","1"
"152322191","www.walmart.com","1"
"152356678","www.target.com","1"
"152362068","www.walmart.com","2"
"152412948","www.walmart.com","1"
"152416936","www.walmart.com","1"
"152419095","www.target.com","1"
"152419561","www.target.com","1"
"152421930","www.target.com","1"
"152421930","www.walmart.com","1"
"152423222","www.sears.com","2"
"152423222","www.target.com","1"
"152423222","www.walmart.com","4"
"152458319","www.sears.com","1"
"152464461","www.target.com","1"
"152464461","www.walmart.com","1"
"152467968","www.walmart.com","1"
"152468893","www.walmart.com","1"
"152470162","www.walmart.com","3"
"152471936","www.walmart.com","1"
"152472700","www.walmart.com","1"
"152509490","www.target.com","1"
"152513112","www.walmart.com","1"
"152514494","www.walmart.com","1"
"152519467","www.sears.com","5"
"152520479","www.sears.com","1"
"152520479","www.target.com","1"
"152521453","www.target.com","2"
"152523346","www.target.com","1"
"152559908","www.walmart.com","1"
"152561419","www.sears.com","1"
"152561419","www.walmart.com","1"
"152566677","www.target.com","3"
"152573542","www.target.com","1"
"152614131","www.walmart.com","1"
"152618598","www.walmart.com","2"
"152624449","www.target.com","1"
"152626087","www.walmart.com","1"
"152627340","www.sears.com","1"
"152658876","www.target.com","1"
"152658876","www.walmart.com","1"
"152660390","www.walmart.com","1"
"152662975","www.walmart.com","2"
"152664562","www.walmart.com","1"
"152673395","www.walmart.com","1"
"152674089","www.sears.com","1"
"152682933","www.walmart.com","1"
"152690206","www.walmart.com","1"
"152701225","www.walmart.com","1"
"152774432","www.walmart.com","2"
"152775873","www.walmart.com","1"
"152777164","www.sears.com","1"
"152778086","www.walmart.com","1"
"152780471","www.walmart.com","1"
"152784043","www.walmart.com","1"
"152786407","www.walmart.com","1"
"152789438","www.walmart.com","1"
"152789557","www.target.com","1"
"152789884","www.walmart.com","1"
"152791154","www.walmart.com","2"
"152791727","www.target.com","1"
"152798291","www.target.com","1"
"152798727","www.sears.com","1"
"152802749","www.walmart.com","1"
"152803392","www.walmart.com","1"
"152805445","www.target.com","1"
"152805445","www.walmart.com","1"
"152806707","www.walmart.com","1"
"152807169","www.target.com","1"
"152807169","www.walmart.com","1"
"152870299","www.walmart.com","1"
"152874898","www.walmart.com","2"
"152875205","www.sears.com","1"
"152883803","www.target.com","1"
"152883803","www.walmart.com","1"
"152886618","www.walmart.com","1"
"152928915","www.walmart.com","1"
"152931133","www.sears.com","1"
"152931385","www.walmart.com","1"
"152932309","www.target.com","1"
"152936526","www.target.com","1"
"152936630","www.target.com","1"
"152936630","www.walmart.com","1"
"152938372","www.walmart.com","2"
"152939472","www.target.com","1"
"152943324","www.target.com","1"
"152948218","www.walmart.com","1"
"152950473","www.walmart.com","1"
"152950523","www.walmart.com","1"
"152954713","www.target.com","1"
"152954713","www.walmart.com","3"
"152957869","www.walmart.com","1"
"152964129","www.walmart.com","1"
"152965156","www.target.com","1"
"152966622","www.walmart.com","2"
"152967187","www.walmart.com","1"
"152975708","www.walmart.com","1"
"152978178","www.walmart.com","2"
"153073052","www.walmart.com","1"
"153075840","www.target.com","1"
"153078699","www.walmart.com","1"
"153080999","www.walmart.com","1"
"153082443","www.target.com","1"
"153082443","www.walmart.com","1"
"153084329","www.walmart.com","1"
"153085164","www.walmart.com","1"
"153087784","www.target.com","1"
"153128589","www.target.com","1"
"153128589","www.walmart.com","4"
"153131486","www.sears.com","1"
"153131780","www.target.com","1"
"153138393","www.walmart.com","1"
"153144024","www.walmart.com","1"
"153150171","www.walmart.com","1"
"153150543","www.target.com","1"
"153184844","www.walmart.com","1"
"153185464","www.walmart.com","1"
"153187284","www.walmart.com","4"
"153189250","www.walmart.com","2"
"153189895","www.walmart.com","1"
"153193343","www.target.com","1"
"153194006","www.target.com","1"
"153194006","www.walmart.com","1"
"153199513","www.walmart.com","1"
"153204827","www.sears.com","4"
"153205280","www.walmart.com","1"
"153205991","www.walmart.com","1"
"153255735","www.target.com","1"
"153260346","www.walmart.com","2"
"153260457","www.walmart.com","1"
"153264252","www.sears.com","1"
"153301523","www.walmart.com","1"
"153302106","www.sears.com","1"
"153302672","www.target.com","1"
"153302672","www.walmart.com","1"
"153304254","www.target.com","1"
"153305852","www.walmart.com","1"
"153309003","www.sears.com","1"
"153312676","www.sears.com","1"
"153316118","www.walmart.com","2"
"153354483","www.walmart.com","1"
"153363077","www.walmart.com","2"
"153365203","www.walmart.com","1"
"153365836","www.walmart.com","1"
"153368416","www.target.com","3"
"153369019","www.walmart.com","1"
"153371500","www.walmart.com","1"
"153375198","www.target.com","1"
"153413945","www.walmart.com","1"
"153416000","www.sears.com","1"
"153416000","www.walmart.com","1"
"153421191","www.sears.com","1"
"153426047","www.walmart.com","1"
"153428964","www.target.com","1"
"153428978","www.walmart.com","1"
"153431065","www.target.com","1"
"153464396","www.walmart.com","1"
"153464516","www.walmart.com","1"
"153464533","www.walmart.com","1"
"153465496","www.walmart.com","2"
"153468362","www.walmart.com","1"
"153473957","www.walmart.com","1"
"153474084","www.walmart.com","1"
"153474232","www.walmart.com","1"
"153482134","www.target.com","2"
"153483220","www.walmart.com","1"
"153518532","www.walmart.com","1"
"153520644","www.target.com","1"
"153529023","www.walmart.com","1"
"153533053","www.target.com","2"
"153535090","www.walmart.com","4"
"153535613","www.walmart.com","1"
"153536549","www.walmart.com","1"
"153539481","www.sears.com","2"
"153539481","www.target.com","1"
"153540299","www.walmart.com","1"
"153574096","www.walmart.com","1"
"153579828","www.target.com","1"
"153579828","www.walmart.com","2"
"153580604","www.target.com","1"
"153580944","www.target.com","1"
"153580944","www.walmart.com","1"
"153584913","www.walmart.com","1"
"153591788","www.target.com","1"
"153596340","www.target.com","1"
"153598061","www.walmart.com","1"
"153599035","www.target.com","1"
"153599035","www.walmart.com","2"
"153601867","www.walmart.com","1"
"153602703","www.walmart.com","1"
"153605223","www.walmart.com","1"
"153606547","www.walmart.com","1"
"153608253","www.walmart.com","1"
"153611063","www.walmart.com","1"
"153613260","www.sears.com","1"
"153613260","www.target.com","1"
"153615067","www.walmart.com","1"
"153615115","www.walmart.com","1"
"153615751","www.target.com","2"
"153615751","www.walmart.com","1"
"153616750","www.target.com","1"
"153618441","www.target.com","1"
"153618441","www.walmart.com","3"
"153694493","www.target.com","1"
"153694493","www.walmart.com","1"
"153699494","www.walmart.com","1"
"153700260","www.walmart.com","1"
"153703640","www.target.com","1"
"153704271","www.walmart.com","1"
"153706610","www.sears.com","1"
"153707614","www.walmart.com","2"
"153711967","www.target.com","1"
"153713818","www.target.com","1"
"153714528","www.target.com","1"
"153714568","www.walmart.com","1"
"153748262","www.target.com","1"
"153752860","www.sears.com","1"
"153754586","www.target.com","1"
"153758523","www.walmart.com","1"
"153763285","www.walmart.com","1"
"153763332","www.sears.com","1"
"153763332","www.walmart.com","2"
"153766644","www.target.com","1"
"153774803","www.walmart.com","6"
"153779728","www.sears.com","1"
"153784932","www.sears.com","2"
"153784932","www.target.com","3"
"153784932","www.walmart.com","2"
"153788002","www.walmart.com","1"
"153788140","www.walmart.com","1"
"153854617","www.target.com","1"
"153854617","www.walmart.com","1"
"153855738","www.walmart.com","1"
"153858172","www.target.com","1"
"153858172","www.walmart.com","1"
"153861374","www.walmart.com","1"
"153861498","www.target.com","1"
"153864715","www.walmart.com","1"
"153865624","www.target.com","1"
"153866622","www.sears.com","2"
"153866622","www.target.com","1"
"153866622","www.walmart.com","1"
"153867400","www.target.com","1"
"153868105","www.walmart.com","2"
"153869812","www.target.com","1"
"153869812","www.walmart.com","2"
"153874587","www.walmart.com","1"
"153880482","www.walmart.com","1"
"153888167","www.target.com","2"
"153888270","www.target.com","1"
"153888996","www.target.com","1"
"153896826","www.walmart.com","1"
"153897070","www.sears.com","1"
"153897070","www.walmart.com","1"
"153961127","www.walmart.com","1"
"153962324","www.target.com","1"
"153969159","www.sears.com","1"
"153969644","www.target.com","2"
"153969644","www.walmart.com","6"
"153972042","www.walmart.com","1"
"153972765","www.walmart.com","1"
"153973847","www.walmart.com","2"
"153976102","www.walmart.com","2"
"153978056","www.sears.com","1"
"153980792","www.walmart.com","1"
"153982355","www.walmart.com","1"
"153982455","www.walmart.com","1"
"153982510","www.walmart.com","1"
"153983493","www.target.com","1"
"154019688","www.walmart.com","3"
"154022967","www.walmart.com","1"
"154024419","www.sears.com","3"
"154024419","www.walmart.com","2"
"154026111","www.target.com","1"
"154026111","www.walmart.com","1"
"154026875","www.walmart.com","1"
"154028339","www.target.com","1"
"154028813","www.walmart.com","3"
"154029761","www.target.com","1"
"154030265","www.walmart.com","2"
"154030428","www.target.com","1"
"154030428","www.walmart.com","3"
"154030916","www.target.com","1"
"154031469","www.walmart.com","1"
"154031917","www.walmart.com","1"
"154031999","www.walmart.com","1"
"154032645","www.target.com","1"
"154035652","www.target.com","1"
"154036431","www.walmart.com","1"
"154036459","www.walmart.com","2"
"154037766","www.walmart.com","1"
"154038072","www.sears.com","1"
"154038284","www.walmart.com","1"
"154040123","www.walmart.com","1"
"154076778","www.walmart.com","1"
"154079225","www.walmart.com","1"
"154084080","www.walmart.com","3"
"154086682","www.sears.com","1"
"154088009","www.walmart.com","1"
"154090003","www.target.com","1"
"154090003","www.walmart.com","1"
"154090951","www.target.com","1"
"154090951","www.walmart.com","1"
"154093365","www.walmart.com","1"
"154132465","www.walmart.com","1"
"154134597","www.walmart.com","1"
"154136921","www.walmart.com","1"
"154142534","www.walmart.com","2"
"154143947","www.sears.com","1"
"154185322","www.walmart.com","2"
"154186818","www.walmart.com","1"
"154188412","www.target.com","2"
"154188412","www.walmart.com","2"
"154191672","www.walmart.com","1"
"154192280","www.target.com","1"
"154193511","www.walmart.com","1"
"154194127","www.walmart.com","1"
"154196738","www.walmart.com","1"
"154203839","www.sears.com","1"
"154207213","www.sears.com","1"
"154207213","www.walmart.com","8"
"154211220","www.walmart.com","1"
"154211882","www.sears.com","1"
"154211882","www.target.com","1"
"154213445","www.target.com","1"
"154213445","www.walmart.com","1"
"154215178","www.walmart.com","1"
"154287692","www.walmart.com","1"
"154289292","www.target.com","1"
"154289292","www.walmart.com","1"
"154291903","www.walmart.com","1"
"154296089","www.walmart.com","1"
"154298174","www.sears.com","2"
"154298174","www.target.com","1"
"154298174","www.walmart.com","1"
"154298573","www.walmart.com","1"
"154301201","www.target.com","2"
"154301201","www.walmart.com","1"
"154301330","www.walmart.com","1"
"154304480","www.target.com","1"
"154304480","www.walmart.com","1"
"154305832","www.walmart.com","3"
"154312808","www.walmart.com","2"
"154315867","www.target.com","1"
"154318461","www.walmart.com","1"
"154331347","www.target.com","2"
"154331347","www.walmart.com","2"
"154438912","www.walmart.com","1"
"154439176","www.walmart.com","1"
"154443353","www.target.com","5"
"154444543","www.walmart.com","1"
"154446538","www.walmart.com","1"
"154446918","www.walmart.com","1"
"154452411","www.walmart.com","1"
"154453975","www.walmart.com","1"
"154463085","www.sears.com","1"
"154463085","www.walmart.com","1"
"154463841","www.target.com","3"
"154463841","www.walmart.com","2"
"154468486","www.walmart.com","1"
"154469156","www.target.com","3"
"154471201","www.walmart.com","1"
"154488749","www.walmart.com","1"
"154489976","www.target.com","1"
"154491057","www.target.com","2"
"154491685","www.target.com","1"
"154493998","www.target.com","1"
"154493998","www.walmart.com","1"
"154497065","www.target.com","1"
"154499098","www.target.com","1"
"154499098","www.walmart.com","1"
"154499831","www.walmart.com","1"
"154500053","www.sears.com","1"
"154500053","www.target.com","6"
"154500053","www.walmart.com","1"
"154500072","www.walmart.com","1"
"154502267","www.target.com","1"
"154502267","www.walmart.com","1"
"154528475","www.walmart.com","1"
"154530349","www.sears.com","1"
"154530349","www.walmart.com","1"
"154530450","www.walmart.com","1"
"154533030","www.walmart.com","1"
"154533244","www.walmart.com","1"
"154534458","www.walmart.com","1"
"154536745","www.sears.com","2"
"154536745","www.walmart.com","1"
"154542060","www.walmart.com","1"
"154543028","www.walmart.com","2"
"154543559","www.sears.com","2"
"154543559","www.walmart.com","1"
"154545460","www.walmart.com","1"
"154545532","www.walmart.com","1"
"154548082","www.target.com","1"
"154548658","www.walmart.com","1"
"154549313","www.walmart.com","2"
"154614277","www.sears.com","1"
"154614460","www.target.com","1"
"154614460","www.walmart.com","1"
"154617086","www.walmart.com","1"
"154617694","www.target.com","1"
"154622406","www.walmart.com","1"
"154622451","www.walmart.com","1"
"154623984","www.walmart.com","1"
"154660041","www.sears.com","1"
"154660980","www.target.com","1"
"154660980","www.walmart.com","1"
"154661596","www.target.com","1"
"154663607","www.walmart.com","1"
"154667578","www.walmart.com","2"
"154668088","www.walmart.com","2"
"154669318","www.walmart.com","2"
"154669643","www.walmart.com","1"
"154669686","www.walmart.com","1"
"154671336","www.walmart.com","2"
"154671645","www.walmart.com","1"
"154671767","www.walmart.com","2"
"154709481","www.target.com","1"
"154711725","www.walmart.com","1"
"154712442","www.walmart.com","1"
"154712508","www.target.com","1"
"154712508","www.walmart.com","1"
"154715741","www.sears.com","1"
"154719670","www.target.com","1"
"154719929","www.target.com","1"
"154722763","www.walmart.com","1"
"154758383","www.walmart.com","1"
"154760762","www.walmart.com","1"
"154762261","www.target.com","1"
"154762261","www.walmart.com","1"
"154768936","www.sears.com","1"
"154770003","www.walmart.com","2"
"154771685","www.target.com","1"
"154771685","www.walmart.com","1"
"154771977","www.sears.com","1"
"154824372","www.target.com","1"
"154826637","www.walmart.com","3"
"154826918","www.target.com","1"
"154827876","www.target.com","2"
"154828129","www.walmart.com","2"
"154828716","www.walmart.com","1"
"154830093","www.walmart.com","3"
"154830583","www.target.com","2"
"154830583","www.walmart.com","1"
"154831047","www.walmart.com","1"
"154833945","www.target.com","1"
"154834016","www.walmart.com","1"
"154837532","www.target.com","1"
"154839135","www.walmart.com","1"
"154839611","www.walmart.com","1"
"154842785","www.walmart.com","2"
"154844716","www.walmart.com","1"
"154846184","www.target.com","2"
"154846184","www.walmart.com","2"
"154853319","www.sears.com","1"
"154853583","www.walmart.com","1"
"154855893","www.target.com","3"
"154855893","www.walmart.com","3"
"154861432","www.walmart.com","1"
"154864189","www.sears.com","1"
"154865123","www.sears.com","1"
"154865553","www.walmart.com","1"
"154867141","www.target.com","1"
"154867263","www.walmart.com","1"
"154871863","www.sears.com","1"
"154880408","www.target.com","1"
"154880408","www.walmart.com","1"
"154882164","www.walmart.com","1"
"154884993","www.walmart.com","1"
"154976134","www.walmart.com","1"
"154977378","www.walmart.com","2"
"154983917","www.sears.com","2"
"154985710","www.walmart.com","13"
"154989796","www.walmart.com","1"
"154991404","www.sears.com","1"
"154995508","www.walmart.com","1"
"155028461","www.sears.com","1"
"155030161","www.walmart.com","1"
"155031795","www.target.com","2"
"155034483","www.walmart.com","1"
"155039001","www.target.com","1"
"155042893","www.target.com","1"
"155047654","www.walmart.com","1"
"155049238","www.sears.com","1"
"155049797","www.target.com","1"
"155085709","www.walmart.com","1"
"155087592","www.sears.com","1"
"155087592","www.target.com","1"
"155087693","www.walmart.com","1"
"155088842","www.walmart.com","2"
"155089744","www.walmart.com","1"
"155090909","www.target.com","1"
"155090909","www.walmart.com","1"
"155091409","www.walmart.com","2"
"155092682","www.walmart.com","1"
"155100695","www.target.com","2"
"155106082","www.walmart.com","2"
"155149688","www.walmart.com","2"
"155150968","www.walmart.com","1"
"155155745","www.sears.com","1"
"155155986","www.walmart.com","1"
"155157892","www.walmart.com","1"
"155195324","www.walmart.com","1"
"155195499","www.walmart.com","1"
"155196139","www.walmart.com","1"
"155196174","www.walmart.com","1"
"155200010","www.target.com","1"
"155200010","www.walmart.com","1"
"155200652","www.sears.com","1"
"155200948","www.walmart.com","1"
"155203924","www.walmart.com","4"
"155203997","www.target.com","1"
"155203997","www.walmart.com","1"
"155207015","www.walmart.com","1"
"155210736","www.walmart.com","1"
"155245953","www.walmart.com","1"
"155247553","www.walmart.com","1"
"155248396","www.walmart.com","1"
"155249095","www.sears.com","1"
"155249095","www.walmart.com","1"
"155251465","www.walmart.com","2"
"155252136","www.walmart.com","1"
"155252753","www.walmart.com","1"
"155253214","www.walmart.com","1"
"155255420","www.walmart.com","1"
"155256653","www.walmart.com","1"
"155259463","www.target.com","1"
"155259463","www.walmart.com","1"
"155260217","www.walmart.com","2"
"155261306","www.walmart.com","1"
"155262281","www.walmart.com","1"
"155262363","www.walmart.com","1"
"155262897","www.target.com","1"
"155262897","www.walmart.com","1"
"155264571","www.walmart.com","1"
"155265325","www.walmart.com","1"
"155297830","www.target.com","1"
"155298199","www.walmart.com","1"
"155304263","www.walmart.com","1"
"155304868","www.walmart.com","1"
"155305231","www.walmart.com","1"
"155309655","www.walmart.com","1"
"155315405","www.walmart.com","1"
"155352919","www.sears.com","1"
"155352919","www.walmart.com","1"
"155355334","www.walmart.com","1"
"155356266","www.walmart.com","7"
"155360492","www.sears.com","1"
"155360534","www.walmart.com","1"
"155364221","www.walmart.com","1"
"155364635","www.target.com","1"
"155366933","www.walmart.com","1"
"155368047","www.target.com","1"
"155368177","www.walmart.com","2"
"155368259","www.walmart.com","1"
"155405715","www.walmart.com","1"
"155416144","www.target.com","1"
"155418200","www.walmart.com","3"
"155426791","www.sears.com","2"
"155426791","www.walmart.com","2"
"155432309","www.walmart.com","1"
"155432473","www.sears.com","1"
"155433368","www.walmart.com","1"
"155434640","www.target.com","1"
"155437473","www.walmart.com","1"
"155439477","www.walmart.com","1"
"155440745","www.walmart.com","1"
"155440946","www.target.com","1"
"155440946","www.walmart.com","1"
"155442946","www.target.com","1"
"155453731","www.walmart.com","1"
"155454118","www.walmart.com","1"
"155454999","www.walmart.com","1"
"155457353","www.walmart.com","1"
"155464548","www.sears.com","1"
"155469064","www.target.com","1"
"155472170","www.walmart.com","1"
"155574968","www.sears.com","1"
"155581951","www.walmart.com","1"
"155583853","www.walmart.com","1"
"155586845","www.walmart.com","2"
"155587941","www.walmart.com","1"
"155589497","www.walmart.com","1"
"155590732","www.walmart.com","3"
"155627478","www.walmart.com","1"
"155629000","www.sears.com","1"
"155629000","www.walmart.com","1"
"155631254","www.walmart.com","1"
"155636057","www.target.com","1"
"155638214","www.sears.com","1"
"155642250","www.walmart.com","1"
"155644795","www.sears.com","1"
"155682088","www.walmart.com","1"
"155684625","www.target.com","3"
"155685484","www.walmart.com","3"
"155687729","www.target.com","1"
"155688513","www.walmart.com","1"
"155690241","www.walmart.com","1"
"155690297","www.walmart.com","1"
"155693818","www.target.com","1"
"155693818","www.walmart.com","1"
"155695150","www.walmart.com","1"
"155696922","www.target.com","1"
"155697260","www.walmart.com","1"
"155705986","www.target.com","2"
"155706910","www.target.com","1"
"155706910","www.walmart.com","1"
"155711233","www.walmart.com","1"
"155716165","www.walmart.com","1"
"155716468","www.walmart.com","1"
"155718099","www.walmart.com","1"
"155721049","www.target.com","1"
"155721487","www.walmart.com","1"
"155794607","www.walmart.com","1"
"155798197","www.walmart.com","1"
"155804079","www.walmart.com","2"
"155805110","www.walmart.com","1"
"155808439","www.walmart.com","1"
"155850212","www.walmart.com","1"
"155850466","www.walmart.com","1"
"155851150","www.walmart.com","1"
"155851852","www.sears.com","1"
"155854917","www.walmart.com","4"
"155855692","www.target.com","1"
"155855692","www.walmart.com","4"
"155858466","www.sears.com","1"
"155858717","www.walmart.com","3"
"155859434","www.walmart.com","1"
"155861510","www.walmart.com","2"
"155861991","www.walmart.com","1"
"155864691","www.target.com","1"
"155864691","www.walmart.com","1"
"155865880","www.walmart.com","2"
"155866458","www.sears.com","1"
"155869049","www.walmart.com","1"
"155869642","www.target.com","1"
"155869860","www.target.com","1"
"155907968","www.sears.com","1"
"155909903","www.walmart.com","2"
"155910414","www.target.com","1"
"155912405","www.target.com","2"
"155912405","www.walmart.com","2"
"155913291","www.walmart.com","2"
"155917217","www.walmart.com","1"
"155917325","www.walmart.com","1"
"155917838","www.walmart.com","1"
"155918574","www.target.com","1"
"155918960","www.target.com","1"
"155919044","www.walmart.com","1"
"155919101","www.walmart.com","3"
"155921543","www.walmart.com","1"
"155922481","www.sears.com","1"
"155925169","www.walmart.com","2"
"155925267","www.sears.com","1"
"155925267","www.target.com","3"
"155925267","www.walmart.com","3"
"155925994","www.walmart.com","1"
"155926306","www.sears.com","1"
"155961013","www.sears.com","2"
"155961215","www.walmart.com","1"
"155963422","www.walmart.com","1"
"155963456","www.walmart.com","1"
"155966184","www.walmart.com","2"
"155972483","www.walmart.com","1"
"155972569","www.walmart.com","1"
"155972765","www.sears.com","1"
"155973683","www.walmart.com","5"
"155974925","www.target.com","1"
"155976332","www.walmart.com","2"
"155976590","www.walmart.com","1"
"155976745","www.walmart.com","1"
"155976865","www.target.com","1"
"155978256","www.sears.com","1"
"155978256","www.walmart.com","2"
"155978564","www.walmart.com","1"
"155978797","www.sears.com","1"
"155978797","www.walmart.com","1"
"155979510","www.walmart.com","1"
"155979796","www.walmart.com","2"
"155979881","www.walmart.com","1"
"155980835","www.target.com","1"
"155980987","www.sears.com","1"
"155981447","www.walmart.com","1"
"155981934","www.sears.com","1"
"155982214","www.sears.com","1"
"155982814","www.walmart.com","1"
"155985168","www.walmart.com","1"
"155987021","www.walmart.com","1"
"155987745","www.walmart.com","2"
"155988295","www.walmart.com","3"
"155989118","www.walmart.com","1"
"155991323","www.walmart.com","1"
"155992296","www.target.com","1"
"155993116","www.walmart.com","1"
"155995299","www.sears.com","1"
"155995358","www.walmart.com","2"
"155995429","www.target.com","1"
"155995725","www.walmart.com","1"
"155996928","www.target.com","1"
"155997420","www.target.com","1"
"156002360","www.walmart.com","1"
"156003413","www.target.com","1"
"156003434","www.walmart.com","1"
"156004690","www.walmart.com","2"
"156005759","www.target.com","1"
"156005759","www.walmart.com","1"
"156006187","www.walmart.com","1"
"156072916","www.target.com","1"
"156075472","www.target.com","1"
"156076305","www.walmart.com","1"
"156077114","www.walmart.com","1"
"156078765","www.target.com","1"
"156078928","www.sears.com","1"
"156082051","www.sears.com","1"
"156082051","www.walmart.com","1"
"156086442","www.target.com","1"
"156087578","www.walmart.com","1"
"156087587","www.walmart.com","1"
"156088323","www.sears.com","1"
"156091364","www.sears.com","1"
"156091364","www.walmart.com","1"
"156130394","www.walmart.com","1"
"156130887","www.sears.com","1"
"156130887","www.target.com","1"
"156132088","www.target.com","1"
"156133182","www.target.com","1"
"156133407","www.walmart.com","1"
"156133784","www.target.com","1"
"156136684","www.walmart.com","1"
"156137819","www.walmart.com","1"
"156138482","www.walmart.com","1"
"156139292","www.target.com","1"
"156140278","www.walmart.com","1"
"156142175","www.walmart.com","1"
"156142384","www.walmart.com","1"
"156143973","www.walmart.com","1"
"156144632","www.target.com","1"
"156147464","www.walmart.com","1"
"156149852","www.target.com","1"
"156150675","www.target.com","1"
"156150675","www.walmart.com","1"
"156151291","www.walmart.com","2"
"156152027","www.walmart.com","1"
"156189914","www.walmart.com","1"
"156190135","www.walmart.com","1"
"156191579","www.walmart.com","3"
"156191594","www.walmart.com","1"
"156192069","www.target.com","1"
"156192069","www.walmart.com","1"
"156192596","www.walmart.com","1"
"156194111","www.walmart.com","1"
"156194266","www.sears.com","1"
"156199866","www.walmart.com","1"
"156203882","www.sears.com","1"
"156203931","www.target.com","1"
"156205316","www.walmart.com","1"
"156206672","www.walmart.com","1"
"156207537","www.walmart.com","1"
"156208129","www.target.com","1"
,"www.sears.com","0"
